squirrel_id,sex,year,observer,cohort,grid,trialnumber,trialdate,taglft,tagrt,colours,walk,jump,hole,hang,chew,groom,still,oft_duration,front,back,attack,attacklatency,approachlatency,mis_duration,collar,comments,litter_id,fieldBDate,litter_size,n1_date,n1_weight,n2_date,n2_weight,dam_id,part,julian_trialdate
6317,F,2005,AKB,2005,AG,1,2005-06-27,44599,44600,NA,32.445,3,5,7.515,0,17.28,271.845,NA,0,300,0,121.57,121.57,NA,NA,NA,3199,2005-04-18,4,109,11,2005-05-19,62,7000,108,178
6367,F,2005,AKB,2005,AG,1,2005-07-17,46420,46421,NA,25.245,19,9,339.48,0,4.05,30.33,NA,6.42,0,0,300,4.93,NA,NA,NA,3191,2005-05-03,3,126,13,2005-06-02,42,6504,123,198
6416,F,2005,AKB,2005,SU,1,2005-08-15,46721,46722,NA,120.69,90,16.05,168.3,0,7.02,14.805,NA,5.7,162.48,0,300,25.13,NA,NA,NA,3341,2005-05-13,3,141,18,2005-06-19,67,6954,133,227
6419,M,2005,AKB,2005,AG,1,2005-07-14,43850,43851,NA,42.615,17,8.4,227.52,0,10.26,106.695,NA,0,300,0,227.7,227.7,NA,NA,NA,3202,2005-05-20,2,142,14,2005-06-21,48,7017,140,195
6423,M,2005,AKB,2005,KL,1,2005-08-16,46703,46704,NA,65.25,21,3,61.965,0,56.205,168.21,NA,121.08,12.9,2,82.13,5.13,NA,NA,NA,3240,2005-04-25,2,152,NA,2005-06-01,78,6359,115,228
6456,F,2005,AKB,2005,SU,1,2005-08-30,46803,46804,NA,121.5,104,12.98,130.275,0,11.16,36.81,NA,0.93,298.38,1,0.86,0.86,NA,NA,NA,3354,2005-06-04,2,158,12,2005-07-13,65,7584,155,242
6472,M,2005,AKB,2005,SU,1,2005-09-05,46805,46806,NA,143.055,110,15.08,116.775,15.795,6.03,18.9,NA,83.1,62.97,0,300,52.3,NA,NA,NA,3354,2005-06-04,2,158,15,2005-07-13,73,7584,155,248
6483,M,2005,AKB,2005,KL,1,2005-09-08,46867,46868,NA,107.055,83,31.05,37.35,48.105,18,71.145,NA,0,300,0,300,300,NA,NA,NA,3275,2005-07-04,2,190,15,2005-08-09,108,7609,185,251
6492,F,2005,AKB,2005,KL,1,2005-09-16,48209,48210,NA,120.96,91,27.98,67.41,13.545,12.96,60.3,NA,0,300,0,300,300,NA,NA,NA,3281,2005-07-20,5,205,14,2005-08-21,67,8576,201,259
6499,M,2005,AKB,2005,SU,1,2005-08-10,47532,47533,NA,191.34,89,38.03,52.74,27.855,4.86,23.4,NA,189.33,43.83,26,53.3,52.93,NA,NA,NA,3319,2005-05-12,3,152,45,2005-06-12,58,6342,132,222
6512,F,2005,AKB,2005,SU,1,2005-08-17,46809,46810,NA,113.49,75,20.03,79.605,9.585,9.27,18.63,NA,0,300,0,300,300,NA,NA,NA,3347,2005-06-06,3,160,13,2005-07-14,61,7278,157,229
6525,M,2005,AKB,2005,KL,1,2005-09-19,48213,48214,NA,167.76,62,57.08,63.315,14.175,14.085,6.975,NA,123.57,104.52,12,47,25.43,NA,NA,NA,3281,2005-07-20,5,205,15,2005-08-21,73,8576,201,262
6551,M,2005,AKB,2005,SU,1,2005-09-03,-,D6852,NA,153.54,75,27,83.88,0,12.96,37.8,NA,28.38,169.32,4,232.64,148.47,NA,NA,NA,3353,2005-06-24,4,182,19,2005-08-01,90,7553,175,246
6589,M,2005,AKB,2005,SU,1,2005-09-07,46861,46862,NA,67.905,71,16.05,189.36,0,15.615,52.2,NA,4.5,282.99,0,300,218.2,NA,NA,NA,3346,2005-07-01,3,183,10,2005-08-08,78,7172,182,250
6674,M,2005,AKB,2005,AG,1,2005-06-27,48400,44917,NA,57.825,70,5,236.34,0,14.175,39.465,NA,270.36,10.23,4,3.63,0,NA,NA,NA,3197,2005-04-08,3,115,35,2005-05-02,47,6936,98,178
6844,M,2005,AKB,2005,SU,1,2005-09-17,46881,46882,NA,126.405,94,35.03,100.035,51.84,10.845,4.68,NA,97.14,57.96,6,24.84,20.94,NA,NA,NA,3329,2005-07-10,4,193,11,2005-08-12,69,6458,191,260
6882,F,2005,AKB,2005,KL,1,2005-08-31,46833,46834,NA,80.055,20,13.95,24.39,0,16.425,113.715,NA,0.27,297.72,0,300,300,NA,NA,NA,3257,2005-06-13,3,167,13,2005-07-21,63,6507,164,243
6942,F,2005,AKB,2005,SU,1,2005-09-06,46566,46858,NA,125.46,70,15.98,83.115,1.08,12.015,73.035,NA,0,277.71,0,300,300,NA,NA,NA,3353,2005-06-24,4,182,19,2005-08-01,87,7553,175,249
7073,M,2005,AKB,2005,SU,1,2005-09-01,46717,46718,NA,201.33,88,29.03,93.33,3.96,2.97,18.54,NA,108.21,138.87,6,68.13,15.1,NA,NA,NA,3341,2005-05-13,3,141,21,2005-06-19,72,6954,133,244
7087,M,2005,AKB,2005,SU,1,2005-09-22,46753,46754,NA,62.505,45,12.08,199.17,18.09,10.125,32.31,NA,58.14,204.51,16,130.43,71.73,NA,NA,NA,3338,2005-05-20,3,142,13,2005-06-28,79,6760,140,265
7088,F,2005,AKB,2005,SU,1,2005-08-18,46757,46758,NA,188.955,75,9,70.38,0,6.12,15.03,NA,71.79,46.38,0,300,300,NA,NA,NA,3337,2005-05-21,3,159,36,2005-06-29,66,6569,141,230
7089,F,2005,AKB,2005,SU,1,2005-08-15,46811,46812,NA,57.735,59,4.1,48.915,0,6.12,270.54,NA,26.82,212.01,1,53.2,35.4,NA,NA,NA,3347,2005-06-06,3,160,13,2005-07-14,61,7278,157,227
7118,M,2005,AKB,2005,KL,1,2005-08-28,46825,46826,NA,82.98,41,22.05,50.31,2.7,24.255,201.24,NA,6,255.84,0,300,184.56,NA,NA,NA,3282,2005-06-09,4,162,11,2005-07-19,61,8727,160,240
7124,M,2005,AKB,2005,KL,1,2005-08-02,46729,48619,NA,114.12,59,45,102.645,0.315,5.85,76.77,NA,46.86,1.71,0,300,236.17,NA,NA,NA,3272,2005-05-13,4,136,15,2005-06-19,75,7451,133,214
7136,F,2005,AKB,2005,KL,1,2005-08-28,46839,46840,NA,50.58,19,2,86.625,0,4.32,264.465,NA,0,300,0,300,300,NA,NA,NA,3271,2005-06-14,4,167,12,2005-07-23,55,7148,165,240
7201,M,2005,AKB,2005,KL,1,2005-08-20,46847,46848,NA,121.815,67,30,123.525,2.385,10.89,32.985,NA,178.92,50.49,0,300,79.93,NA,NA,NA,3279,2005-06-15,6,166,10,2005-07-23,73,7833,166,232
7285,M,2005,AKB,2005,AG,1,2005-07-09,43103,43104,NA,131.355,81,18,88.83,0,18.585,48.465,NA,0,300,0,300,300,NA,NA,NA,3227,2005-04-18,4,126,35,2005-05-19,51,8620,108,190
7291,F,2005,AKB,2005,KL,1,2005-08-31,46772,46773,NA,38.43,17,19.95,14.4,0,13.77,285.435,NA,0,0,0,300,300,NA,NA,NA,3248,2005-05-24,4,183,0,2005-07-02,61,6392,144,243
7390,M,2005,AKB,2005,KL,1,2005-08-20,46849,46850,NA,109.8,114,13.05,98.01,55.98,4.86,46.71,NA,112.14,148.95,3,184.5,127.8,NA,NA,NA,3279,2005-06-15,6,166,10,2005-07-23,75,7833,166,232
7392,M,2005,AKB,2005,KL,1,2005-08-01,47000,49595,NA,99.63,97,7.1,252.225,0,3.42,25.515,NA,0,300,0,300,300,NA,NA,NA,3258,2005-05-17,4,138,12,2005-06-24,63,6529,137,213
7437,M,2005,AKB,2005,KL,1,2005-08-31,46887,46888,NA,125.325,128,20.03,74.07,0,0,61.065,NA,201.18,42.72,14,45.2,11.26,NA,NA,NA,3267,2005-07-11,4,201,23,2005-08-14,96,6956,192,243
7546,F,2005,AKB,2005,SU,1,2005-09-01,46725,46726,NA,58.95,19,18,65.475,0.585,15.615,225.99,NA,0,258.93,0,300,182.4,NA,NA,NA,3358,2005-05-16,3,137,9,2005-06-22,55,7768,136,244
7819,M,2005,AKB,2005,SU,1,2005-08-24,46799,48913,NA,183.33,87,12,79.92,3.69,13.23,7.785,NA,14.1,224.79,1,96,27.64,NA,NA,NA,3363,2005-06-04,3,159,11,2005-07-12,56,8398,155,236
7828,F,2005,AKB,2005,KL,1,2005-08-07,46707,46708,NA,124.695,58,8,123.21,5.22,19.395,38.7,NA,72.21,131.55,6,77.93,57.77,NA,NA,NA,3259,2005-04-25,4,118,13,2005-06-06,76,6538,115,219
7836,F,2005,AKB,2005,KL,1,2005-09-16,48207,48208,NA,139.23,127,27,31.59,0,16.02,15.66,NA,192.84,85.74,12,70.3,69.3,NA,NA,NA,3281,2005-07-20,5,205,13,2005-08-21,72,8576,201,259
7847,F,2005,AKB,2005,SU,1,2005-09-14,48660,48661,NA,73.89,30,33.98,38.295,0,37.8,101.295,NA,35.88,132.15,0,300,49.17,NA,NA,NA,3362,2005-07-08,5,191,12,2005-08-11,81,7926,189,257
7886,M,2005,AKB,2005,KL,1,2005-09-13,46441,46447,NA,39.42,22,5,39.645,0,40.59,237.24,NA,0,297.06,0,300,300,NA,NA,NA,3250,2005-06-20,3,174,13,2005-07-27,70,6424,171,256
8592,F,2005,AKB,2005,KL,1,2005-08-31,46774,46775,NA,100.845,36,45.98,43.83,6.66,15.66,145.62,NA,55.05,230.7,1,233.93,136.3,NA,NA,NA,3248,2005-05-24,4,183,0,2005-07-02,60,6392,144,243
8733,F,2005,AKB,2005,KL,1,2005-08-31,46889,46890,NA,67.095,38,5,309.33,0,5.31,32.535,NA,20.88,227.52,2,50.9,20.1,NA,NA,NA,3267,2005-07-11,4,201,21,2005-08-14,93,6956,192,243
8745,M,2005,AKB,2005,KL,1,2005-09-15,-,F2823,NA,44.145,34,12,21.15,2.79,9.045,240.885,NA,0,300,0,300,300,NA,NA,NA,3268,2005-07-19,2,210,24,2005-08-20,87,7092,200,258
10112,F,2005,AKB,2005,AG,1,2005-07-14,46353,62469,NA,78.39,19,37.95,8.415,1.08,23.085,167.31,NA,298.5,0,0,300,18.6,NA,NA,NA,3214,2005-04-04,3,104,21,2005-04-26,44,7501,94,195
10131,F,2005,AKB,2005,KL,1,2005-08-21,46784,46785,NA,156.51,92,41.03,90.585,1.35,0,63.405,NA,0,300,0,300,300,NA,NA,NA,3247,2005-05-31,4,152,10,2005-07-08,61,6391,151,233
10133,F,2005,AKB,2005,SU,1,2005-08-25,46788,46789,NA,58.95,28,18,42.615,0,5.985,193.41,NA,31.59,51,1,192.46,36.9,NA,NA,NA,3348,2005-05-31,3,164,28,2005-07-09,67,7307,151,237
10134,F,2005,AKB,2005,SU,1,2005-08-25,46790,48426,NA,89.685,70,9.98,93.195,89.325,12.87,40.815,NA,146.34,3.6,0,300,3.1,NA,NA,NA,3349,2005-06-02,3,156,14,2005-07-10,57,7387,153,237
10135,M,2005,AKB,2005,SU,1,2005-08-23,46801,46802,NA,114.615,111,17.03,80.235,0,5.04,106.965,NA,12.54,146.34,0,300,22.13,NA,NA,NA,3363,2005-06-04,3,159,13,2005-07-12,59,8398,155,235
10138,M,2005,AKB,2005,KL,1,2005-09-13,46835,46836,NA,54.27,17,23.03,27.27,2.61,18.225,159.885,NA,0.54,299.1,0,300,300,NA,NA,NA,3257,2005-06-13,3,167,13,2005-07-21,62,6507,164,256
10139,F,2005,AKB,2005,SU,1,2005-09-03,46859,46860,NA,59.76,31,5,24.84,0,18.09,254.115,NA,0,300,0,300,300,NA,NA,NA,3346,2005-07-01,3,183,10,2005-08-08,73,7172,182,246
10140,F,2005,AKB,2005,KL,1,2005-09-08,46865,46866,NA,119.295,53,19.95,42.975,0,8.595,104.76,NA,0,300,0,300,300,NA,NA,NA,3275,2005-07-04,2,190,15,2005-08-09,101,7609,185,251
10160,F,2005,AKB,2005,SU,1,2005-08-15,47685,47686,NA,117.855,80,18.98,97.29,2.385,9.72,35.415,NA,0,0,0,300,300,NA,NA,NA,3355,2005-05-26,3,176,0,2005-06-25,52,7643,146,227
10191,F,2005,AKB,2005,SU,1,2005-08-23,48428,46795,NA,139.86,74,12.98,107.595,0,9.63,49.725,NA,0,300,0,300,300,NA,NA,NA,3349,2005-06-02,3,156,14,2005-07-10,60,7387,153,235
11254,F,2009,RWT,2009,KL,1,2009-08-10,65166,65167,NA,220.725,33,25,17.505,4.14,14.67,2.025,NA,271.77,3.99,108,50.9,24.37,NA,NA,NA,4461,2009-05-11,4,134,15,2009-06-06,64,10181,131,222
11256,F,2009,RWT,2009,KL,1,2009-08-10,65170,65171,NA,129.105,104,15,32.175,63.63,7.155,1.125,NA,66.54,214.29,48,270,234.36,NA,NA,NA,4461,2009-05-11,4,134,15,2009-06-06,64,10181,131,222
10049,M,2012,ADK,2012,SU,1,2012-07-24,81866,81867,NA,177.65,69,1,102.51,3.31,25.63,127.07,NA,13.21,76.57,0,300,229.43,NA,NA,NA,5625,2012-04-22,2,147,0,2012-05-26,77.5,11577,113,206
11017,M,2012,ARM,2012,SU,1,2012-06-14,F3677,F3678,Y*/G*,8.433,16,3,47.304,0,28.125,384.488,NA,0,299.925,0,300,300,NA,N,Squirrel never sees itself to begin with. Assigned maximum value of 300 to both latencies.,5631,2012-04-16,3,110,13.7,2012-05-10,52.9,11976,107,166
11018,F,2012,ARM,2012,SU,1,2012-06-14,F3679,F3680,G*/R*,11.472,6,1,13.148,0.139,8.559,427.88,NA,292.907,0,0,298.269,9.362,NA,N,NA,5631,2012-04-16,3,110,14.8,2012-05-10,47.6,11976,107,166
11019,F,2012,ADK,2012,SU,1,2012-06-13,F3681,F3682,R*/B*,102.97,39,4,93.334,2.983,122.685,246.831,NA,61.077,237.076,0,216.492,0.166,NA,N,NA,5631,2012-04-16,3,110,13.6,2012-05-10,49.1,11976,107,165
10049,M,2012,ADK,2012,SU,2,2012-08-07,81866,81867,NA,123.44,14,0,43.63,0,24.13,210.57,NA,NA,NA,NA,NA,NA,NA,NA,NA,5625,2012-04-22,2,147,0,2012-05-26,77.5,11577,113,220
11017,M,2012,ADK,2012,SU,2,2012-06-20,63677,63678,Y*/G*,5.7,1,0,15.22,0,31.03,393.24,NA,NA,NA,NA,NA,NA,NA,NA,NA,5631,2012-04-16,3,110,13.7,2012-05-10,52.9,11976,107,172
11019,F,2012,ADK,2012,SU,2,2012-06-24,63681,63682,R*/B*,27.79,2,0,22.85,0,46.77,302.09,NA,NA,NA,NA,NA,NA,NA,NA,NA,5631,2012-04-16,3,110,13.6,2012-05-10,49.1,11976,107,176
12165,M,2012,ADK,2012,SU,1,2012-07-21,67639,67640,NA,109.9,44,0,267.28,199.16,11.11,0,NA,185.12,208.65,2,203.6,44.85,NA,NA,NA,5644,2012-04-11,3,103,10,2012-05-06,54.3,12462,102,203
11031,F,2012,ADK,2012,SU,2,2012-06-24,63711,63712,W*/W*,205.19,77,1,49.21,183.55,8.61,0,NA,NA,NA,NA,NA,NA,NA,NA,NA,5635,2012-04-15,3,108,12.3,2012-05-10,49,12026,106,176
12165,M,2012,ADK,2012,SU,2,2012-08-07,67639,67640,NA,31.24,5,3,90,13.02,16.82,136.63,NA,NA,NA,NA,NA,NA,NA,NA,NA,5644,2012-04-11,3,103,10,2012-05-06,54.3,12462,102,220
12188,M,2012,ARM,2012,KL,1,2012-07-24,67705,81966,Y!/O*,14.621,3,3,123.672,12.915,87.286,351.027,NA,299.966,0,0,299.432,1.034,NA,N,NA,5550,2012-05-03,4,127,14.8,2012-05-27,51.6,12513,124,206
12187,F,2012,ADK,2012,KL,2,2012-07-26,81779,81780,R*/W*,58.28,1,9,14.44,0,21.83,270.29,NA,NA,NA,NA,NA,NA,NA,NA,NA,5529,2012-04-29,4,122,14.4,2012-05-23,35.9,11489,120,208
12187,F,2012,ADK,2012,KL,3,2012-08-08,81779,81780,R*/W*,115.38,23,2,23.62,1.8,18.93,246.88,NA,NA,NA,NA,NA,NA,NA,NA,NA,5529,2012-04-29,4,122,14.4,2012-05-23,35.9,11489,120,221
12196,F,2012,ADK,2012,SU,2,2012-06-20,67739,67740,Y*/Y*,3.91,0,0,0,0,23.63,404.85,NA,NA,NA,NA,NA,NA,NA,NA,NA,5635,2012-04-15,3,108,12.3,2012-05-10,0,12026,106,172
12196,F,2012,ADK,2012,SU,3,2012-06-26,67739,67740,Y*/Y*,276.27,50,1,136.78,65.43,15.91,0,NA,NA,NA,NA,NA,NA,NA,NA,NA,5635,2012-04-15,3,108,12.3,2012-05-10,0,12026,106,178
12210,F,2012,ADK,2012,KL,1,2012-05-30,F7789,H1240,NA,NA,NA,NA,NA,NA,NA,NA,NA,172.49,225.63,18,22.1,4.8,NA,NA,NA,5531,2012-04-05,3,105,26.8,2012-05-01,59.1,11619,96,151
12210,F,2012,ADK,2012,KL,2,2012-06-03,81239,81240,NA,319.3,84,3,49.79,2.13,15.72,2.35,NA,NA,NA,NA,NA,NA,NA,NA,NA,5531,2012-04-05,3,105,26.8,2012-05-01,59.1,11619,96,155
12210,F,2012,ADK,2012,KL,3,2012-06-12,81239,81240,NA,197.42,60,1,104.81,27.43,22.61,4.74,NA,NA,NA,NA,NA,NA,NA,NA,NA,5531,2012-04-05,3,105,26.8,2012-05-01,59.1,11619,96,164
12210,F,2012,ADK,2012,KL,4,2012-06-21,81239,81240,NA,89.05,2,2,3.88,1.99,85.97,108.78,NA,NA,NA,NA,NA,NA,NA,NA,NA,5531,2012-04-05,3,105,26.8,2012-05-01,59.1,11619,96,173
12210,F,2012,ADK,2012,KL,5,2012-07-02,81239,81240,NA,59.65,0,5,0,0,25.53,217.61,NA,NA,NA,NA,NA,NA,NA,NA,NA,5531,2012-04-05,3,105,26.8,2012-05-01,59.1,11619,96,184
12210,F,2012,ADK,2012,KL,6,2012-07-26,81239,81240,NA,77.47,18,1,42.33,0,58.15,160.56,NA,NA,NA,NA,NA,NA,NA,NA,NA,5531,2012-04-05,3,105,26.8,2012-05-01,59.1,11619,96,208
13147,F,2012,ADK,2012,KL,1,2012-05-28,81227,81228,NA,228.85,71,3,159.56,0,18.8,0,NA,243.86,165.48,8,36.7,6.6,NA,NA,NA,5530,2012-04-06,3,99,12.5,2012-05-01,61,11537,97,149
13147,F,2012,ADK,2012,KL,2,2012-05-31,81227,81228,NA,202.67,80,0,148.34,23.6,9.73,41.32,NA,NA,NA,NA,NA,NA,NA,NA,NA,5530,2012-04-06,3,99,12.5,2012-05-01,61,11537,97,152
13147,F,2012,ADK,2012,KL,3,2012-06-06,81227,81228,NA,246.58,50,15,163.83,33.85,12.35,0,NA,NA,NA,NA,NA,NA,NA,NA,NA,5530,2012-04-06,3,99,12.5,2012-05-01,61,11537,97,158
13147,F,2012,ADK,2012,KL,4,2012-06-10,81227,81228,NA,165,66,0,193.67,12.1,10.63,36.31,NA,NA,NA,NA,NA,NA,NA,NA,NA,5530,2012-04-06,3,99,12.5,2012-05-01,61,11537,97,162
13147,F,2012,ADK,2012,KL,5,2012-06-13,81227,81228,NA,232.03,86,0,124.21,1.3,28.8,7.29,NA,NA,NA,NA,NA,NA,NA,NA,NA,5530,2012-04-06,3,99,12.5,2012-05-01,61,11537,97,165
13147,F,2012,ADK,2012,KL,6,2012-06-19,81227,81228,NA,152.74,11,0,0,0,40.37,130.96,NA,NA,NA,NA,NA,NA,NA,NA,NA,5530,2012-04-06,3,99,12.5,2012-05-01,61,11537,97,171
13147,F,2012,ADK,2012,KL,7,2012-06-21,81227,81228,NA,241.06,83,0,91.02,68.78,27.11,7.91,NA,NA,NA,NA,NA,NA,NA,NA,NA,5530,2012-04-06,3,99,12.5,2012-05-01,61,11537,97,173
13147,F,2012,ADK,2012,KL,8,2012-06-27,81227,81228,NA,192.71,32,1,9.15,2.69,22.3,185.13,NA,NA,NA,NA,NA,NA,NA,NA,NA,5530,2012-04-06,3,99,12.5,2012-05-01,61,11537,97,179
13147,F,2012,ADK,2012,KL,9,2012-07-19,81227,81228,NA,62.54,0,2,0,0,85.57,82.87,NA,NA,NA,NA,NA,NA,NA,NA,NA,5530,2012-04-06,3,99,12.5,2012-05-01,61,11537,97,201
13147,F,2012,ADK,2012,KL,10,2012-07-26,81227,81228,NA,50.03,0,0,0,0,71.79,258.34,NA,NA,NA,NA,NA,NA,NA,NA,NA,5530,2012-04-06,3,99,12.5,2012-05-01,61,11537,97,208
13153,F,2012,ARM,2012,KL,1,2012-06-03,81241,81242,R*/R*,24.854,35,5,11.478,0.827,36.976,392.122,NA,0,299.785,0,298.35,1.012,NA,N,NA,5531,2012-04-05,3,105,25.4,2012-05-01,56.5,11619,96,155
13171,M,2012,ADK,2012,KL,1,2012-06-03,H1281,H1282,B*/G*,52.282,45,5,324.019,42.324,11.868,60.526,NA,35.493,258.838,0,261.065,0.6,NA,N,NA,5515,2012-04-08,2,102,16.6,2012-05-05,67.7,10318,99,155
13148,M,2012,ADK,2012,KL,2,2012-06-19,81229,81230,O*/O*,102.96,27,1,3.95,0,20.9,304.26,NA,NA,NA,NA,NA,NA,NA,NA,NA,5530,2012-04-06,3,99,13.4,2012-05-01,60.5,11537,97,171
13171,M,2012,ADK,2012,KL,2,2012-06-10,81281,81282,B*/G*,150.06,37,1,131.15,71.75,36.72,38.89,NA,NA,NA,NA,NA,NA,NA,NA,NA,5515,2012-04-08,2,102,16.6,2012-05-05,67.7,10318,99,162
13171,M,2012,ADK,2012,KL,3,2012-07-02,81281,81282,B*/G*,145.94,34,0,120.46,171.2,23.51,10.31,NA,NA,NA,NA,NA,NA,NA,NA,NA,5515,2012-04-08,2,102,16.6,2012-05-05,67.7,10318,99,184
13171,M,2012,ADK,2012,KL,4,2012-07-04,81281,81282,B*/G*,163.38,38,3,140.64,198.5,5.37,0,NA,NA,NA,NA,NA,NA,NA,NA,NA,5515,2012-04-08,2,102,16.6,2012-05-05,67.7,10318,99,186
13288,F,2012,ADK,2012,KL,1,2012-06-13,81609,67989,NA,238.33,75,3,174.02,77.89,10.52,0,NA,272.84,110.64,140,54.74,9.39,NA,NA,NA,5523,2012-04-17,3,109,10,2012-05-12,46.5,11220,108,165
13287,M,2012,ADK,2012,KL,2,2012-07-01,81607,81608,G*/G,166.43,29,2,170.79,59.25,18.91,24.12,NA,NA,NA,NA,NA,NA,NA,NA,NA,5523,2012-04-17,3,109,10.7,2012-05-12,50.9,11220,108,183
13288,F,2012,ADK,2012,KL,2,2012-07-02,81609,67989,NA,170.59,22,4,58.69,139.91,20.72,23.79,NA,NA,NA,NA,NA,NA,NA,NA,NA,5523,2012-04-17,3,109,10,2012-05-12,46.5,11220,108,184
13305,F,2012,ADK,2012,KL,2,2012-06-28,81641,81642,W*/R*,56.28,9,2,68.87,0,15.92,228.47,NA,NA,NA,NA,NA,NA,NA,NA,NA,5553,2012-04-27,3,120,13.4,2012-05-23,58.9,12625,118,180
13305,F,2012,ADK,2012,KL,3,2012-07-24,81641,81642,W*/R*,116.51,30,2,48.27,3.45,43.67,85.32,NA,NA,NA,NA,NA,NA,NA,NA,NA,5553,2012-04-27,3,120,13.4,2012-05-23,58.9,12625,118,206
13305,F,2012,ADK,2012,KL,4,2012-07-26,81641,81642,W*/R*,61.96,1,6,0,0,10.02,307.84,NA,NA,NA,NA,NA,NA,NA,NA,NA,5553,2012-04-27,3,120,13.4,2012-05-23,58.9,12625,118,208
13318,M,2012,ADK,2012,SU,2,2012-06-19,81667,-,O*/Y*,12.2,1,1,240.54,0,62.86,67.81,NA,NA,NA,NA,NA,NA,NA,NA,NA,5659,2012-04-18,2,114,19.3,2012-05-13,58.5,19267,109,171
13318,M,2012,ADK,2012,SU,3,2012-06-27,81667,-,O*/Y*,4.1,2,0,444.01,0,0,0,NA,NA,NA,NA,NA,NA,NA,NA,NA,5659,2012-04-18,2,114,19.3,2012-05-13,58.5,19267,109,179
13323,F,2012,ADK,2012,KL,1,2012-07-01,81678,81676,NA,295.9,96,0,133.7,14.7,11.8,0,NA,188.19,199.13,5,94.7,69.77,NA,NA,NA,5547,2012-04-28,2,123,15.8,2012-05-22,47.7,12422,119,183
13318,M,2012,ADK,2012,SU,4,2012-07-21,81667,-,O*/Y*,27.9,10,0,63.39,0,82.18,265.12,NA,NA,NA,NA,NA,NA,NA,NA,NA,5659,2012-04-18,2,114,19.3,2012-05-13,58.5,19267,109,203
13332,F,2012,ARM,2012,KL,1,2012-07-08,H1696,H1697,R*/O,198.753,76,9,24.654,97.221,9.325,90.895,NA,62.221,226.187,15,117.73,100.446,NA,N,NA,5536,2012-05-11,1,138,21.2,2012-06-04,71.2,11841,132,190
13323,F,2012,ADK,2012,KL,2,2012-07-07,81678,81676,NA,187.58,42,4,161.44,29.65,31.54,11.61,NA,NA,NA,NA,NA,NA,NA,NA,NA,5547,2012-04-28,2,123,15.8,2012-05-22,47.7,12422,119,189
13332,F,2012,ADK,2012,KL,2,2012-07-12,81696,81697,R*/O,152.19,8,2,3.4,271.57,12.82,0,NA,NA,NA,NA,NA,NA,NA,NA,NA,5536,2012-05-11,1,138,21.2,2012-06-04,71.2,11841,132,194
13334,F,2012,ADK,2012,KL,2,2012-07-24,81699,-,O*/-,64.8,6,3,112.27,214.7,20.27,0,NA,NA,NA,NA,NA,NA,NA,NA,NA,5529,2012-04-29,4,122,13.5,2012-05-23,35.4,11489,120,206
13346,F,2012,ADK,2012,SU,1,2012-06-23,81758,81759,NA,96.11,23,0,203.8,0,26.32,6.21,NA,0,9.31,0,300,246.35,NA,NA,NA,5621,2012-04-28,3,144,0,2012-05-23,58.8,10918,119,175
13347,F,2012,ADK,2012,SU,1,2012-06-10,81760,81761,NA,118.95,18,2,243.54,5.33,17.34,0,NA,145.22,169.65,0,300,2.27,NA,NA,NA,5634,2012-04-15,1,138,0,2012-05-17,72.2,12003,106,162
13334,F,2012,ADK,2012,KL,3,2012-07-30,81699,-,O*/-,29.13,0,1,0,0,21.92,302.91,NA,NA,NA,NA,NA,NA,NA,NA,NA,5529,2012-04-29,4,122,13.5,2012-05-23,35.4,11489,120,212
13347,F,2012,ADK,2012,SU,2,2012-06-13,81760,81761,NA,232.22,47,4,117.7,8.8,34.48,0,NA,NA,NA,NA,NA,NA,NA,NA,NA,5634,2012-04-15,1,138,0,2012-05-17,72.2,12003,106,165
13347,F,2012,ADK,2012,SU,3,2012-06-19,81760,81761,NA,1,1,0,449,0,0,0,NA,NA,NA,NA,NA,NA,NA,NA,NA,5634,2012-04-15,1,138,0,2012-05-17,72.2,12003,106,171
13347,F,2012,ADK,2012,SU,4,2012-06-25,81760,81761,NA,104.55,27,1,222.02,33.01,23.22,0,NA,NA,NA,NA,NA,NA,NA,NA,NA,5634,2012-04-15,1,138,0,2012-05-17,72.2,12003,106,177
13347,F,2012,ADK,2012,SU,5,2012-07-05,81760,81761,NA,4.29,1,0,22.93,0,16.02,403.35,NA,NA,NA,NA,NA,NA,NA,NA,NA,5634,2012-04-15,1,138,0,2012-05-17,72.2,12003,106,187
13347,F,2012,ADK,2012,SU,6,2012-07-15,81760,81761,NA,85.71,10,2,115.49,5.36,27.08,123.75,NA,NA,NA,NA,NA,NA,NA,NA,NA,5634,2012-04-15,1,138,0,2012-05-17,72.2,12003,106,197
13348,F,2012,ADK,2012,KL,3,2012-06-21,81762,81763,G*/R*,190.91,79,1,199.98,30.23,13.81,0,NA,NA,NA,NA,NA,NA,NA,NA,NA,5540,2012-04-20,4,112,10.6,2012-05-16,51.2,11897,111,173
13351,M,2012,ADK,2012,KL,1,2012-07-30,81768,81769,NA,91.45,15,6,345.13,3.7,6.91,0,NA,197.78,175.07,2,16.22,10.81,NA,NA,NA,5540,2012-04-20,4,112,12,2012-05-16,58.2,11897,111,212
13352,M,2012,ADK,2012,SU,1,2012-06-25,81770,81771,NA,107.19,11,2,192.5,122.04,14.92,5.86,NA,0,0,0,300,300,NA,NA,NA,5645,2012-04-15,3,107,10.7,2012-05-14,66.6,12477,106,177
13350,M,2012,ADK,2012,KL,1,2012-06-19,81766,81767,NA,220.6,35,4,25.83,66.07,22.16,0,NA,NA,NA,NA,NA,NA,NA,NA,NA,5540,2012-04-20,4,112,12.1,2012-05-16,59.2,11897,111,171
13354,F,2012,ADK,2012,SU,1,2012-06-11,81774,81775,NA,243.85,70,5,187.34,46.7,12.28,0,NA,147.56,248.01,18,84.42,2.75,NA,NA,NA,5645,2012-04-15,3,107,10.2,2012-05-14,67.7,12477,106,163
13352,M,2012,ADK,2012,SU,2,2012-08-14,81770,81771,NA,63.14,7,0,44.86,14.32,86.87,154.4,NA,NA,NA,NA,NA,NA,NA,NA,NA,5645,2012-04-15,3,107,10.7,2012-05-14,66.6,12477,106,227
13357,F,2012,ADK,2012,KL,2,2012-07-01,81781,81782,B*/O*,8.2,0,0,0,0,45.21,391.84,NA,NA,NA,NA,NA,NA,NA,NA,NA,5529,2012-04-29,4,122,13.4,2012-05-23,30.9,11489,120,183
13357,F,2012,ADK,2012,KL,3,2012-07-07,81781,81782,B*/O*,309.29,76,2,28.41,0,28.88,1.33,NA,NA,NA,NA,NA,NA,NA,NA,NA,5529,2012-04-29,4,122,13.4,2012-05-23,30.9,11489,120,189
13357,F,2012,ADK,2012,KL,4,2012-07-13,81781,81782,B*/O*,204.08,9,7,0,0,8.01,42.68,NA,NA,NA,NA,NA,NA,NA,NA,NA,5529,2012-04-29,4,122,13.4,2012-05-23,30.9,11489,120,195
13357,F,2012,ADK,2012,KL,5,2012-07-24,81781,81782,B*/O*,120.23,30,5,135.13,143.32,6.5,0,NA,NA,NA,NA,NA,NA,NA,NA,NA,5529,2012-04-29,4,122,13.4,2012-05-23,30.9,11489,120,206
13366,F,2012,ADK,2012,KL,1,2012-07-04,81801,81802,NA,64.59,8,0,53.94,152.34,9.71,58.52,NA,NA,NA,NA,NA,NA,NA,NA,NA,5552,2012-04-24,3,116,10.7,2012-05-19,50.3,12623,115,186
13367,M,2012,ADK,2012,KL,1,2012-06-23,81803,81804,R*/R,43.468,10,4,289.92,16.692,9.509,341.09,NA,299.932,0,0,284.217,0.134,NA,N,NA,5552,2012-04-24,3,116,12.5,2012-05-19,49.2,12623,115,175
13366,F,2012,ADK,2012,KL,2,2012-07-11,81801,81802,NA,41.46,8,1,6.03,224.24,19.9,135.87,NA,NA,NA,NA,NA,NA,NA,NA,NA,5552,2012-04-24,3,116,10.7,2012-05-19,50.3,12623,115,193
13383,M,2012,ADK,2012,SU,1,2012-06-14,81836,81837,R*/R,138.45,21,1,141.07,9.55,11.6,10.55,NA,209.31,239.52,0,300,300,NA,NA,NA,5651,2012-04-22,4,115,13.9,2012-05-16,46.4,13092,113,166
13367,M,2012,ADK,2012,KL,2,2012-06-28,81803,81804,R*/R,134.56,20,5,27.76,164.59,26.44,69.83,NA,NA,NA,NA,NA,NA,NA,NA,NA,5552,2012-04-24,3,116,12.5,2012-05-19,49.2,12623,115,180
13394,F,2012,ADK,2012,KL,1,2012-07-07,H1861,H1862,Y*/G,186.79,76,10,93.864,45.511,20.375,134.494,NA,40.073,250.161,5,23.626,1.154,NA,N,NA,5548,2012-04-30,3,123,13.4,2012-05-26,51.4,12423,121,189
13397,F,2012,ARM,2012,SU,1,NA,H1868,H1869,W*/Y*,125.664,46,6,212.651,103.181,9.873,92.951,NA,247.174,42.348,11,4.137,0.734,NA,N,NA,5624,2012-05-01,2,126,16.7,2012-05-27,61.7,11576,122,NA
13405,M,2012,ADK,2012,SU,1,2012-07-05,81884,81885,NA,195.82,38,0,136.22,59.16,23.83,25.17,NA,173.43,207.23,2,194.79,173.27,NA,NA,NA,5624,2012-05-01,2,126,16.4,2012-05-27,61,11576,122,187
13443,F,2012,ADK,2012,KL,1,2012-07-31,81968,81963,NA,137.62,11,1,125.14,25.82,20.72,86.27,NA,117.42,127.94,0,300,81.88,NA,NA,NA,5550,2012-05-03,4,127,15,2012-05-27,52.7,12513,124,213
13405,M,2012,ADK,2012,SU,2,2012-07-15,81884,81885,NA,114.29,9,0,156.54,103.6,28.33,57.06,NA,NA,NA,NA,NA,NA,NA,NA,NA,5624,2012-05-01,2,126,16.4,2012-05-27,61,11576,122,197
13469,F,2012,ADK,2012,KL,2,2012-07-26,82021,82022,G/G*,118.05,46,1,206.45,112.51,7.22,79.94,NA,NA,NA,NA,NA,NA,NA,NA,NA,5521,2012-05-07,3,128,9.3,2012-05-31,56.8,10994,128,208
13469,F,2012,ADK,2012,KL,3,2012-07-30,82021,82022,G/G*,196.56,72,0,193.15,54.16,19.42,0,NA,NA,NA,NA,NA,NA,NA,NA,NA,5521,2012-05-07,3,128,9.3,2012-05-31,56.8,10994,128,212
13475,F,2012,ADK,2012,KL,1,2012-07-08,82033,82034,W*/P,172.44,61,1,215.89,49.28,13.01,0,NA,NA,NA,NA,NA,NA,NA,NA,NA,5516,2012-05-07,4,130,11,2012-05-31,46.2,10342,128,190
13475,F,2012,ADK,2012,KL,3,2012-08-08,82033,82024,W*/P,32.24,1,0,21.23,0,6.33,322.61,NA,NA,NA,NA,NA,NA,NA,NA,NA,5516,2012-05-07,4,130,11,2012-05-31,46.2,10342,128,221
13499,F,2012,ADK,2012,KL,2,2012-07-24,82083,82084,G/R*,221.69,38,1,59.96,109.64,15.93,4.11,NA,NA,NA,NA,NA,NA,NA,NA,NA,5520,2012-05-16,3,137,8.6,2012-06-11,46.9,10993,137,206
13499,F,2012,ADK,2012,KL,3,2012-07-30,82083,82084,G/R*,105.19,4,1,58.56,0,40.06,135.46,NA,NA,NA,NA,NA,NA,NA,NA,NA,5520,2012-05-16,3,137,8.6,2012-06-11,46.9,10993,137,212
13500,F,2012,ADK,2012,KL,1,2012-07-13,82085,82086,NA,201.55,42,4,165.99,62.53,11.01,0,NA,182.27,229.71,42,6.91,4.61,NA,NA,NA,5520,2012-05-16,3,137,8.9,2012-06-11,47.4,10993,137,195
13500,F,2012,ADK,2012,KL,2,2012-07-24,82085,82086,NA,284.67,40,6,61.82,38.42,30.18,0,NA,NA,NA,NA,NA,NA,NA,NA,NA,5520,2012-05-16,3,137,8.9,2012-06-11,47.4,10993,137,206
13533,M,2012,ADK,2012,KL,1,2012-07-17,82151,82152,NA,268.98,42,9,146.44,16.74,15.91,0,NA,192.9,154.28,11,42.04,8.5,NA,NA,NA,5522,2012-05-16,3,138,10.1,2012-06-11,51.2,10995,137,199
13534,M,2012,ADK,2012,KL,1,2012-08-11,82153,82154,NA,135.23,65,3,187.47,35.75,42.65,49.9,NA,283.7,140.78,0,300,2.3,NA,NA,NA,5522,2012-05-16,3,138,10.9,2012-06-11,51.4,10995,137,224
13535,F,2012,ADK,2012,KL,1,2012-07-18,82155,82156,NA,163.59,45,0,250.11,26.93,21.21,0,NA,NA,NA,NA,NA,NA,NA,NA,NA,5522,2012-05-16,3,138,9.9,2012-06-11,55.3,10995,137,200
13535,F,2012,ADK,2012,KL,2,2012-07-24,82155,82156,NA,157.05,36,1,258.51,22.01,27.73,1.71,NA,NA,NA,NA,NA,NA,NA,NA,NA,5522,2012-05-16,3,138,9.9,2012-06-11,55.3,10995,137,206
13535,F,2012,ADK,2012,KL,3,2012-07-30,82155,82156,NA,148.74,42,2,213.05,3,25.73,0,NA,NA,NA,NA,NA,NA,NA,NA,NA,5522,2012-05-16,3,138,9.9,2012-06-11,55.3,10995,137,212
13609,M,2012,ARM,2012,SU,1,2012-07-24,H2356,H2357,Y*/Y,87.801,14,5,232.193,4.001,40.107,315.298,NA,220.665,70.412,5,118.118,0.1,NA,NA,NA,5648,2012-05-21,3,147,19.1,2012-06-15,45.5,12973,142,206
13616,F,2012,ADK,2012,SU,1,2012-07-11,82370,82371,NA,184.37,45,1,219.52,9.11,11.52,17.32,NA,174.05,94.87,17,88.29,19.32,NA,NA,NA,5620,2012-05-19,3,155,27.6,2012-06-13,42.9,10654,140,193
13636,F,2012,ADK,2012,KL,2,2012-07-29,82453,82454,O/O*,140.85,36,2,40.56,195.5,19.32,36.45,NA,NA,NA,NA,NA,NA,NA,NA,NA,5561,2012-05-28,3,151,12.8,2012-06-23,51.8,12876,149,211
13644,M,2012,ADK,2012,KL,1,2012-07-28,82472,82473,NA,234.74,24,6,63.66,31.14,38.64,82.14,NA,180.36,195.2,3,145.31,1.5,NA,NA,NA,5533,2012-06-02,4,156,12.2,2012-06-26,38.1,11622,154,210
13646,F,2012,ADK,2012,KL,1,2012-07-30,82476,82477,NA,265.37,86,1,62.96,24.89,29.32,2.6,NA,243.69,76.89,0,300,35.27,NA,NA,NA,5559,2012-06-01,3,154,11.3,2012-06-25,50,12703,153,212
19257,F,2012,ADK,2012,KL,1,2012-06-15,81999,-,NA,56.52,4,0,53.8,0,0,331.12,NA,6.83,0,0,300,300,NA,NA,NA,5546,2012-05-02,4,133,28.3,2012-05-28,47.4,12305,123,167
19257,F,2012,ADK,2012,KL,2,2012-06-28,81999,-,NA,224.66,65,1,166.53,1.8,25.02,11.27,NA,NA,NA,NA,NA,NA,NA,NA,NA,5546,2012-05-02,4,133,28.3,2012-05-28,47.4,12305,123,180
19257,F,2012,ADK,2012,KL,3,2012-07-01,81999,-,NA,230.03,53,0,134.89,5.91,10.32,46.93,NA,NA,NA,NA,NA,NA,NA,NA,NA,5546,2012-05-02,4,133,28.3,2012-05-28,47.4,12305,123,183
19257,F,2012,ADK,2012,KL,4,2012-07-04,81999,-,NA,337.31,88,0,15.24,0,0,85.18,NA,NA,NA,NA,NA,NA,NA,NA,NA,5546,2012-05-02,4,133,28.3,2012-05-28,47.4,12305,123,186
19257,F,2012,ADK,2012,KL,5,2012-07-20,81999,-,NA,119.02,2,2,1.3,0,50.35,250.45,NA,NA,NA,NA,NA,NA,NA,NA,NA,5546,2012-05-02,4,133,28.3,2012-05-28,47.4,12305,123,202
22639,F,2017,ARM,2017,KL,1,2017-06-12,M4699,M4700,B*/B*,53.853,13,7,112.445,12.138,15.381,336.678,NA,3.604,294.526,0,296.996,0.133,NA,N,NA,7830,2017-04-20,3,110,9.7,2017-05-14,45.9,21350,110,163
22640,F,2017,ARM,2017,KL,1,2017-06-11,M4674,M4675,R*/R*,66.403,29,6,283.487,20.208,40.305,107.036,NA,195.428,40.483,22,4.134,0.347,NA,Y,NA,7830,2017-04-20,3,110,10.3,2017-05-14,49.2,21350,110,162
22641,F,2017,ARM,2017,KL,1,2017-06-12,M4672,M4673,G*/G*,73.035,40,12,191.868,5.106,15.903,216.811,NA,149.542,130.006,12,0.257,0.133,NA,Y,NA,7830,2017-04-20,3,110,9.7,2017-05-14,47.7,21350,110,163
22652,F,2017,ARM,2017,SU,1,2017-06-20,M4667,M4668,O*/G*,3.917,5,0,444.709,44.911,0,239.368,NA,300,0,0,300,300,NA,N,never saw itself in mirror: NA for attack and approach latencies (changed to max value),7739,2017-04-23,3,113,9.1,2017-05-18,47.7,19611,113,171
22653,F,2017,ARM,2017,SU,1,2017-06-20,M4695,M4696,G*/B*,1.065,3,0,447.463,4.87,1.501,387,NA,223.773,70.154,1,113.681,0.134,NA,Y,NA,7739,2017-04-23,3,113,10.2,2017-05-18,49.7,19611,113,171
22657,M,2017,ARM,2017,KL,1,2017-06-14,M4624,M4625,R*/B*,61.994,18,10,206.97,74.025,15.762,177.112,NA,13.33,268.344,0,273.669,113.312,NA,N,NA,7822,2017-04-22,3,113,11.9,2017-05-18,54.5,21155,112,165
22658,F,2017,ARM,2017,KL,1,2017-06-14,M4622,M2623,G*/R*,158.683,44,0,223.144,77.578,16.2,109.847,NA,166.429,102.331,23,0.935,0.167,NA,Y,NA,7822,2017-04-22,3,113,11.5,2017-05-18,53.2,21155,112,165
22659,F,2017,ARM,2017,KL,1,2017-06-14,M4670,M4671,Y*/G*,1.502,1,0,445.377,0,0,438.679,NA,299.833,0,0,300,300,NA,N,never saw itself in mirror: NA for attack and approach latencies (changed to max value),7822,2017-04-22,3,113,11.2,2017-05-18,49.8,21155,112,165
22684,F,2017,ARM,2017,SU,1,2017-06-23,M4655,M4656,G*/R*,135.032,22,8,284.482,139.306,6.382,130.654,NA,0,300,0,277.533,277.533,NA,Y,NA,8034,2017-04-24,2,114,10.8,2017-05-20,61,20061,114,174
22685,F,2017,ARM,2017,SU,1,2017-06-20,M4654,M4653,R*/B*,2.871,9,0,442.824,9.808,0,413.274,NA,0,294.615,0,300,300,NA,N,never saw itself in mirror: NA for attack and approach latencies (changed to max value),8034,2017-04-24,2,114,10.8,2017-05-20,65.8,20061,114,171
22719,M,2017,ARM,2017,SU,1,2017-06-20,M4661,M4662,Y*/W*,111.631,15,9,122.422,22.01,8.076,259.629,NA,0,300,0,300,300,NA,N,never saw itself in mirror: NA for attack and approach latencies (changed to max value),7931,2017-04-29,4,121,14.6,2017-05-24,50.6,21273,119,171
22720,M,2017,ARM,2017,SU,1,2017-07-13,M4659,M4660,R*/Y*,32.454,3,20,20.887,3.604,9.977,404.606,NA,111.944,170.084,3,64.114,1.569,NA,N,NA,7931,2017-04-29,4,121,13.8,2017-05-24,50,21273,119,194
22721,F,2017,ARM,2017,SU,1,2017-06-20,M4663,M4664,G*/O*,70.345,18,6,285.453,18.741,9.576,270.787,NA,82.803,190.426,0,284.784,19.353,NA,Y,NA,7931,2017-04-29,4,121,14.3,2017-05-24,50.5,21273,119,171
22722,F,2017,ARM,2017,SU,1,2017-06-20,M4657,M4658,B*/G*,50.781,6,5,45.747,7.309,14.78,352.456,NA,299.999,0,0,281.482,0.001,NA,Y,NA,7931,2017-04-29,4,121,13.4,2017-05-24,46.2,21273,119,171
22748,F,2017,ARM,2017,KL,1,2017-07-15,M4678,M4679,R*/W*,89.913,26,25,103.908,18.851,10.778,271.663,NA,48.445,235.721,4,32.413,0.162,NA,N,NA,7861,2017-05-02,2,122,10.2,2017-05-27,58.5,22117,122,196
22758,F,2017,ARM,2017,KL,1,2017-07-05,M4628,M4629,O*/W*,170.976,46,26,180.034,43.555,6.338,176.54,NA,83.954,200.905,7,31.679,21.054,NA,Y,NA,7736,2017-05-03,4,123,8.8,2017-05-28,43,19583,123,186
22759,F,2017,ARM,2017,KL,1,2017-06-30,M4630,M4631,Y*/B*,80.33,32,11,237.451,0.539,0,204.244,NA,191.855,77.402,0,292.799,21.175,NA,N,NA,7736,2017-05-03,4,123,8.6,2017-05-28,47,19583,123,181
22773,M,2017,ARM,2017,KL,1,2017-06-25,M4688,M4689,W*/G*,54.531,13,9,283.1,43.119,14.026,173.186,NA,158.471,96.168,7,96.275,74.102,NA,Y,NA,8041,2017-05-03,2,124,12.3,2017-05-29,53.7,19809,123,176
22774,M,2017,ARM,2017,KL,1,2017-06-22,M4686,M4687,O*/R*,41.182,22,2,356.99,21.571,3.87,327.577,NA,300,0,0,300,300,NA,N,never saw itself in mirror: NA for attack and approach latencies (changed to max value),8041,2017-05-03,2,124,11.8,2017-05-29,50.3,19809,123,173
22777,F,2017,ARM,2017,KL,1,2017-06-30,M4615,M4616,R*/O*,2.165,7,0,439.429,31.357,6.943,289.371,NA,20.254,217.521,0,211.711,19.119,NA,Y,NA,7825,2017-05-02,3,124,15.9,2017-05-27,55.6,21227,122,181
22778,M,2017,ARM,2017,KL,1,2017-06-30,M4617,M4618,G*/W*,0.872,5,0,279.841,10.632,0,364.99,NA,0.418,299.462,0,296.231,296.231,NA,N,NA,7825,2017-05-02,3,124,13.3,2017-05-27,51.8,21227,122,181
22789,M,2017,ARM,2017,KL,1,2017-07-02,M4644,M4645,O*/R,8.181,7,1,413.448,4.805,15.983,203.397,NA,202.734,21.754,4,117.818,0.001,NA,Y,NA,7850,2017-05-04,3,126,15.6,2017-05-31,60,22008,124,183
22804,M,2017,ARM,2017,KL,1,2017-06-26,M4634,M4635,W*/B*,173.187,57,12,234.894,19.554,7.138,245.698,NA,147.378,121.092,26,18.624,15.143,NA,N,NA,8042,2017-05-05,4,127,14.8,2017-05-30,49.5,19984,125,177
22806,M,2017,ARM,2017,KL,1,2017-06-26,M4640,M4641,W*/W*,84.658,35,11,181.308,20.861,15.233,219.023,NA,237.897,57.486,7,11.745,0.679,NA,Y,NA,8042,2017-05-05,4,127,14.7,2017-05-30,58,19984,125,177
22807,M,2017,ARM,2017,KL,1,2017-06-26,M4638,M4639,W*/O*,106.125,51,10,272.031,23.887,8.174,80.936,NA,183.705,89.851,2,27.494,17.885,NA,Y,NA,8042,2017-05-05,4,127,14.7,2017-05-30,59.7,19984,125,177
22864,M,2017,ARM,2017,KL,1,2017-06-27,M2182,M2183,W*/R,3.184,9,0,403.248,0.253,0,139.182,NA,293.292,0.656,0,230.503,0.708,NA,N,NA,7928,2017-05-06,2,127,11.2,2017-05-31,48.5,21075,126,178
22865,F,2017,ARM,2017,KL,1,2017-06-27,M4690,M4691,O*/B,4.196,12,0,402.184,10.907,0,393.273,NA,300,0,0,300,300,NA,Y,never saw itself in mirror: NA for attack and approach latencies (changed to max value),7928,2017-05-06,2,127,11.8,2017-05-31,51,21075,126,178
22872,F,2017,ARM,2017,KL,1,2017-07-19,M4963,M4964,G*/B,95.705,31,6,291.406,48.645,11.579,129.706,NA,179.581,97.297,1,79.746,4.805,NA,N,NA,7816,2017-05-08,4,128,7.7,2017-06-05,45.6,20995,128,200
22873,M,2017,ARM,2017,KL,1,2017-07-15,M4969,M4970,W*/Y,59.381,12,0,266.019,23.551,10.044,186.163,NA,198.771,93.893,3,1.326,0.167,NA,Y,NA,7816,2017-05-08,4,128,9,2017-06-05,48.4,20995,128,196
22874,M,2017,ARM,2017,KL,1,2017-07-16,M4967,M4968,O*/G,90.938,17,15,140.692,19.826,38.23,210.715,NA,131.883,157.664,0,259.962,48.673,NA,Y,NA,7816,2017-05-08,4,128,8.9,2017-06-05,45.5,20995,128,197
22875,F,2017,ARM,2017,KL,1,2017-07-15,M4965,M4966,Y*/R,91.35,16,3,307.559,51.704,8.941,193.3,NA,266.066,23.246,0,290.924,0.067,NA,N,NA,7816,2017-05-08,4,128,8.2,2017-06-05,43.3,20995,128,196
22890,F,2017,ARM,2017,KL,1,2017-06-23,M3853,M4681,P/R*,125.1,33,12,219.682,29.398,3.882,194.637,NA,149.638,138.953,4,206.59,0.687,NA,Y,B*/R* (P/R*); NKP,8131,2017-05-02,3,130,24.5,2017-05-28,48.5,20857,122,174
22891,M,2017,ARM,2017,KL,1,2017-06-25,M4682,M4683,Y*/Y*,185.139,11,7,143.809,0.369,8.002,165.322,NA,265.343,13.54,0,298.28,0.168,NA,N,NA,8131,2017-05-02,3,130,24.5,2017-05-28,46.2,20857,122,176
22896,M,2017,ARM,2017,KL,1,2017-06-29,M4809,M4810,G*/G,61.876,3,5,230.747,9.238,25.692,353.744,NA,168.089,74.706,3,90.758,0.034,NA,N,NA,7823,2017-05-08,3,128,13.2,2017-06-02,46.2,21215,128,180
22897,M,2017,ARM,2017,KL,1,2017-06-30,M4805,M4806,B*/B,59.476,25,4,59.865,0.757,38.018,346.074,NA,1.096,296.915,0,300,300,NA,Y,never saw itself in mirror: NA for attack and approach latencies (changed to max value),7823,2017-05-08,3,128,13.2,2017-06-02,49.9,21215,128,181
22898,M,2017,ARM,2017,KL,1,2017-07-06,M4807,M4808,R*/R,27.62,5,8,117.514,9.891,44.185,404.518,NA,164.719,112.505,5,40.984,0.017,NA,Y,NA,7823,2017-05-08,3,128,12.9,2017-06-02,51,21215,128,187
22924,M,2017,ARM,2017,KL,1,2017-06-30,M4495,M4496,W*/G,11.906,2,3,425.709,24.384,0,306.955,NA,213.748,78.414,0,222.256,6.907,NA,N,NA,7877,2017-04-08,3,NA,NA,2017-05-14,74.8,22388,98,181
22951,F,2017,ARM,2017,KL,1,2017-07-07,M4994,M4995,R*/Bk,6.135,0,1,15.015,0,87.703,428.779,NA,11.711,224.932,0,295.061,295.061,NA,Y,hung from the entrance after released (i.e. no jumps),7797,2017-05-14,2,134,13.9,2017-06-08,48.1,20732,134,188
22953,F,2017,ARM,2017,KL,1,2017-07-09,M4984,M4985,R*/Y,95.066,33,13,219.053,30.888,22.956,250.907,NA,0,299.999,0,295.795,251.385,NA,N,NA,7828,2017-05-13,3,135,15,2017-06-07,53.5,21342,133,190
22954,M,2017,ARM,2017,KL,1,2017-07-12,M4982,M4983,B*/G,96.466,26,30,100.908,10.004,27.25,265.418,NA,0.406,299.355,0,295.689,295.689,NA,Y,NA,7828,2017-05-13,3,135,14,2017-06-07,51.2,21342,133,193
22964,F,2017,ARM,2017,SU,1,2017-06-29,M4801,M4802,G*/W*,4.573,1,1,425.978,0,0,428.585,NA,168.563,124.462,1,227.716,109.648,NA,N,NA,7922,2017-05-08,3,128,24.3,2017-06-02,58.1,20948,128,180
22966,F,2017,ARM,2017,SU,1,2017-07-05,M4648,M4649,B*/Y*,65.262,24,7,311.622,45.791,4.38,131.856,NA,11.062,222.324,0,219.177,0.189,NA,Y,NA,7922,2017-05-08,3,128,23.7,2017-06-02,57.4,20948,128,186
22978,F,2017,ARM,2017,SU,1,2017-06-29,M4822,M4823,G*/G*,129.967,32,3,271.807,62.675,3.871,148.964,NA,0,300,0,300,300,NA,N,never saw itself in mirror: NA for attack and approach latencies (changed to max value),7908,2017-05-09,3,136,22.8,2017-06-03,40.3,19742,129,180
22979,M,2017,ARM,2017,SU,1,2017-06-29,M4820,M4821,Y*/Y*,109.366,21,0,181.479,52.307,22.225,183.102,NA,102.657,146.576,2,64.869,14.718,NA,Y,NA,7908,2017-05-09,3,136,25.7,2017-06-03,60.1,19742,129,180
22985,F,2017,ARM,2017,SU,1,2017-07-21,M4811,M4812,Y*/B*,6.266,1,0,449.855,11.25,0,390.823,NA,111.898,117.561,5,78.224,5.15,NA,Y,NA,7938,2017-05-13,3,136,15.3,2017-06-07,45.3,21907,133,202
22986,M,2017,ARM,2017,SU,1,2017-07-12,M4815,M4816,W*/G*,56.039,5,13,14.113,0.999,79.379,406.211,NA,138.175,137.837,2,7.585,5.35,NA,Y,NA,7938,2017-05-13,3,136,15.5,2017-06-07,45.2,21907,133,193
22987,M,2017,ARM,2017,SU,1,2017-07-14,M4813,M4814,O*/R*,158.991,24,5,148.675,90.709,15.548,95.813,NA,165.269,99.765,5,8.141,0.033,NA,N,NA,7938,2017-05-13,3,136,15,2017-06-07,43.5,21907,133,195
22994,F,2017,ARM,2017,KL,1,2017-07-06,M4940,M4941,G/G*,21.667,3,9,199.005,12.278,83.052,309.55,NA,113.986,179.528,1,123.402,0.433,NA,N,NA,7767,2017-05-16,3,137,12.7,2017-06-10,48.6,20191,136,187
22995,F,2017,ARM,2017,KL,1,2017-07-09,M4936,M4937,B/B*,121.855,10,5,71.798,180.241,3.37,115.336,NA,141.346,142.553,5,2.235,0.031,NA,Y,NA,7767,2017-05-16,3,137,12.1,2017-06-10,44.3,20191,136,190
22996,F,2017,ARM,2017,KL,1,2017-07-23,M4938,M4939,R/R*,40.712,44,4,339.88,42.148,23.009,121.737,NA,145.368,145.374,10,34.839,0.357,NA,N,NA,7767,2017-05-16,3,137,11.7,2017-06-10,40.2,20191,136,204
23000,F,2017,ARM,2017,KL,1,2017-07-06,M1716,M1722,O*/Y,43.151,14,11,311.794,6.591,3.813,339.983,NA,218.693,50.546,0,298.696,0.061,NA,Y,NA,8138,2017-05-14,2,136,13.7,2017-06-12,59.9,21578,134,187
23023,F,2017,ARM,2017,KL,1,2017-06-30,M4953,M4954,R*/G,218.923,55,10,310.521,9.737,9.804,26.363,NA,257.664,26.264,24,96.625,1.122,NA,N,NA,7745,2017-05-09,3,138,27.7,2017-06-03,47.5,19766,129,181
23024,M,2017,ARM,2017,KL,1,2017-07-02,M4951,M4952,B*/R,18.316,18,2,361.057,42.09,8.583,233.961,NA,188.261,74.888,0,275.953,7.245,NA,Y,NA,7745,2017-05-09,3,138,28.7,2017-06-03,57.8,19766,129,183
23025,M,2017,ARM,2017,KL,1,2017-07-02,M4955,M4956,G*/Y,1.164,5,0,433.999,6.922,0,247.39,NA,1.446,298.797,0,300,300,NA,Y,never saw itself in mirror: NA for attack and approach latencies (changed to max value),7745,2017-05-09,3,138,26.2,2017-06-03,46.5,19766,129,183
23026,F,2017,ARM,2017,KL,1,2017-07-06,M4980,M4981,G*/W,7.927,1,0,448.442,10.931,0,362.156,NA,219.236,70.877,1,192.551,12.132,NA,Y,NA,7796,2017-05-13,3,138,19.5,2017-06-07,50.3,20688,133,187
23027,F,2017,ARM,2017,KL,1,2017-07-06,M4978,M4979,R*/O,246.401,6,7,322.381,3.803,15.514,36.223,NA,31.04,102.502,0,288.19,89.026,NA,N,NA,7796,2017-05-13,3,138,20.1,2017-06-07,56,20688,133,187
23028,M,2017,ARM,2017,KL,1,2017-07-06,M4976,M4977,B*/Y,112.455,34,4,241.022,19.216,17.142,116.992,NA,195.737,75.71,3,1.335,0.101,NA,Y,NA,7796,2017-05-13,3,138,21.3,2017-06-07,57.7,20688,133,187
23031,F,2017,ARM,2017,KL,1,2017-07-18,M2468,M2469,W/W*,15.047,10,4,196.065,19.35,8.227,307.921,NA,193.282,102.587,0,299.173,47.731,NA,Y,NA,7812,2017-05-18,3,138,9.9,2017-06-12,41.1,20920,138,199
23040,F,2017,ARM,2017,KL,1,2017-07-09,M4946,M4947,O*/Bk,9.231,7,0,262.261,20.474,95.446,338.674,NA,0,300,0,239.573,200.834,NA,N,NA,7832,2017-05-16,3,140,17.4,2017-06-10,42.4,21382,136,190
23041,M,2017,ARM,2017,KL,1,2017-07-12,M4944,M4945,Y*/P,63.514,2,11,98.894,3,100.863,367.073,NA,0,299.386,0,293.843,137.123,NA,N,NA,7832,2017-05-16,3,140,19.2,2017-06-10,46.8,21382,136,193
23042,M,2017,ARM,2017,KL,1,2017-07-09,M4942,M4943,G*/P,4.629,8,0,435.252,13.178,3.371,377.588,NA,293.36,0,0,193.56,0.2,NA,Y,NA,7832,2017-05-16,3,140,18.9,2017-06-10,48.1,21382,136,190
23052,F,2017,ARM,2017,SU,1,2017-07-20,M3893,M3894,W*/W*,22.951,11,4,241.751,1.585,9.001,414.489,NA,298.008,0,0,300,300,NA,Y,NA,7899,2017-05-17,2,137,18,2017-06-13,52.5,12003,137,201
23054,F,2017,ARM,2017,KL,1,2017-07-09,F9048,F9049,B/O*,35.803,17,6,111.573,24.648,38.028,344.533,NA,0,297.132,0,294.32,294.32,NA,Y,NA,7933,2017-05-20,2,141,12.7,2017-06-21,72,21366,140,190
23079,M,2017,ARM,2017,KL,1,2017-07-12,M4917,M4918,G*/R,95.835,17,2,286.204,12.096,6.818,262.97,NA,290.175,1.03,0,300,300,NA,Y,never saw itself in mirror: NA for attack and approach latencies (changed to max value),7851,2017-05-13,3,143,24.8,2017-06-07,46.2,21269,133,193
23080,M,2017,ARM,2017,KL,1,2017-07-07,M4919,M4920,Y*/G,51.306,15,7,89.899,14.27,18.522,318.239,NA,233.622,57.689,6,0.724,0.066,NA,Y,NA,7851,2017-05-13,3,143,25.9,2017-06-07,46.5,21269,133,188
23088,M,2017,ARM,2017,KL,1,2017-07-06,M4972,M4973,B*/O,44.876,19,11,349.198,36.576,14.415,168.9,NA,0,191.592,0,271.505,0.467,NA,N,NA,7809,2017-05-09,2,143,37.9,2017-06-05,58.6,20865,129,187
23089,M,2017,ARM,2017,KL,1,2017-07-06,M4974,M4975,R*/W,52.685,61,6,258.877,5.115,24.847,165.305,NA,106.132,185.615,1,152.983,106.32,NA,Y,NA,7809,2017-05-09,2,143,36.9,2017-06-05,58.4,20865,129,187
23168,F,2017,ARM,2017,SU,1,2017-07-02,M4957,M4958,G*/Y*,116.165,16,7,108.213,138.014,6.139,139.985,NA,83.362,199.916,2,165.732,0.167,NA,N,NA,8056,2017-05-09,3,129,13.1,2017-06-03,60,21984,129,183
23170,F,2017,ARM,2017,SU,1,2017-07-05,M4959,M4960,Y*/O*,73.602,46,9,170.804,98.044,20.055,128.446,NA,96.798,165.531,12,53.22,1.134,NA,Y,NA,8056,2017-05-09,3,129,13.3,2017-06-03,66.4,21984,129,186
23174,F,2017,ARM,2017,KL,1,2017-07-09,M4986,M4987,G*/O,136.074,0,5,91.726,54.239,15.75,156.683,NA,300,0,0,299.366,0.034,NA,Y,NA,7828,2017-05-13,3,135,NA,2017-06-07,51.3,21342,133,190
23379,M,2018,ARM,2018,KL,1,2018-06-10,M5984,M5985,B*/Y*,78.58,2,5,7.741,171.448,11.378,194.635,450,90.823,204.402,0,300,0.034,300,Y,NA,8925,2018-04-18,3,108,8.5,2018-05-13,44.6,19706,108,161
23387,F,2018,ARM,2018,KL,1,2018-06-10,M5990,M5991,G*/G*,123.992,21,14,99.1,86.371,18.026,148.535,450,4.671,291.624,0,300,175.108,300,Y,NA,8927,2018-04-19,2,109,10.8,2018-05-14,48.2,19846,109,161
23401,F,2018,ARM,2018,KL,1,2018-06-23,M6024,M6025,W*/W*,90.902,11,4,259.758,89.968,6.14,90.886,450,291.723,1.367,2,8.108,3.603,300,Y,merged first part of trial 1a with the rest of trial 1b,8933,2018-04-21,3,112,12.3,2018-05-17,54.8,20857,111,174
23419,F,2018,ARM,2018,KL,1,2018-06-12,F9205,F9206,O*/Bk,140.724,73,4,115.982,85.741,14.681,109.714,450,234.124,48.58,10,2.636,0.034,300,Y,NA,8729,2018-04-22,2,113,12,2018-05-22,76,20220,112,163
23447,F,2018,VAU,2018,JO,1,2018-08-02,F9272,F9273,R*/G*,150.492,22,14,116.181,144.178,0,52.85,450,237.001,12.981,5,16.083,2.303,300,NA,"Squirrel not visible in ""hang"" for part of trial",8834,2018-04-23,3,115,15.2,2018-05-19,43.3,22165,113,214
23463,M,2018,ARM,2018,KL,1,2018-06-28,F9333,F9334,R*/G,12.711,24,0,410.861,6.239,0,368.247,450,0,299.998,0,300,300,300,Y,never saw itself in mirror: NA for attack and approach latencies (changed to max value),8709,2018-04-25,3,115,10.3,2018-05-23,50.7,19764,115,179
23464,F,2018,ARM,2018,KL,1,2018-06-26,F9209,F9210,Y*/O,128.95,34,7,156.69,3.972,2.302,240.511,450,299.364,0,0,300,0.401,300,Y,NA,8709,2018-04-25,3,115,11,2018-05-23,52,19764,115,177
23465,F,2018,ARM,2018,KL,1,2018-06-20,F9290,F9291,W*/R*,24.129,7,3,321.573,38.056,5.006,258.279,450,214.014,61.961,2,178.662,7.107,300,Y,NA,8728,2018-04-23,3,115,14.5,2018-05-22,56.9,20191,113,171
23467,M,2018,ARM,2018,KL,1,2018-06-20,F9234,F9235,G*/G,24.254,4,2,294.228,28.542,14.481,327.137,450,192.511,17.085,0,300,0.634,300,Y,NA,8728,2018-04-23,3,115,12.7,2018-05-22,55.1,20191,113,171
23473,F,2018,VAU,2018,JO,1,2018-07-07,F9170,F9171,W*/G*,191.334,31,26,200.202,50.785,9.108,16.781,450,190.822,68.703,31,21.755,0.3,300,NA,"Squirrel not visible in ""hang"" for part of trial",8857,2018-04-25,3,116,11.1,2018-05-21,56.6,22543,115,188
23474,M,2018,VAU,2018,JO,1,2018-06-30,F9166,F9167,B*/O*,99.025,30,12,257.485,25.623,5.473,22.32,413.811,182.046,87.521,34,25.659,0.767,300,NA,"Squirrel not visible in ""hang"" for part of trial",8857,2018-04-25,3,116,11.9,2018-05-21,58.3,22543,115,181
23485,M,2018,ARM,2018,KL,1,2018-06-16,F9476,F9211,Y*/R,78.045,20,0,278.597,19.707,10.377,272.436,450,0,299.165,0,300,300,300,Y,never saw itself in mirror: NA for attack and approach latencies (changed to max value),8743,2018-04-27,3,118,15.9,2018-05-24,54.3,20409,117,167
23492,F,2018,ARM,2018,KL,1,2018-06-23,F9337,F9338,G*/B,171.28,28,23,120.622,25.022,10.845,200.677,450,0.266,237.61,0,300,0.6,300,Y,NA,8718,2018-04-27,3,118,12.7,2018-05-23,56.5,19984,117,174
23494,F,2018,ARM,2018,KL,1,2018-06-25,F9339,F9340,O*/O,171.174,81,15,192.592,84.847,0,66.182,450,213.149,52.516,10,21.221,9.376,300,Y,NA,8718,2018-04-27,3,118,13,2018-05-23,57.5,19984,117,176
23496,M,2018,ARM,2018,KL,1,2018-06-13,F9288,F9289,Y*/Y,110.861,32,3,250.902,33.963,22.055,188.067,450,299.998,0,0,300,300,300,Y,never saw itself in mirror: NA for attack and approach latencies (changed to max value),8784,2018-04-23,2,118,20,2018-05-21,67.1,21215,113,164
23501,F,2018,ARM,2018,KL,1,2018-06-16,F9328,F9329,Y*/B*,167.861,48,7,230.934,11.607,0,48.648,450,238.04,34.766,55,17.184,0.6,300,Y,NA,8717,2018-04-25,4,120,20.9,2018-05-21,52.4,19983,115,167
23505,M,2018,ARM,2018,KL,1,2018-06-28,F9478,M9479,G*/W,331.036,41,6,11.211,13.436,13.945,74.994,450,233.73,42.577,0,300,0.934,300,Y,NA,8843,2018-04-29,3,120,12.1,2018-05-24,43.8,22297,119,179
23506,M,2018,ARM,2018,KL,1,2018-06-29,F9480,F9481,Y*/P,258.197,47,5,147.178,102.931,12.813,40.667,450,149.281,121.791,4,116.783,79.813,300,Y,NA,8843,2018-04-29,3,120,13.1,2018-05-24,46,22297,119,180
23508,F,2018,VAU,2018,JO,1,2018-07-10,F9117,F9118,O*/B*,110.498,17,19,106.007,2.635,12.947,208.373,424.958,2.501,295.704,0,300,300,300,NA,"Squirrel not visible in ""hang"" for part of trial",8749,2018-04-28,3,120,13.5,2018-05-23,47.4,20488,118,191
23520,F,2018,ARM,2018,KL,1,2018-06-20,F9472,F9473,Y*/W*,12.186,5,2,41.942,10.775,8.109,408.179,450,19.519,242.207,0,300,300,300,Y,NA,8790,2018-04-29,2,121,13.2,2018-05-27,71.4,21350,119,171
23523,M,2018,VAU,2018,JO,1,2018-07-09,F9200,F9119,B*/G,137.313,44,16,167.799,68.083,13.346,59.585,450,2.502,1.468,0,300,0.534,300,NA,"Squirrel not visible in ""hang"" for part of trial",8741,2018-04-29,4,121,15,2018-05-26,45.7,20388,119,190
23524,M,2018,VAU,2018,JO,1,2018-07-09,F9198,F9199,R*/P,125.749,39,4,195.064,4.006,25.326,155.136,450,300,0,0,300,3.904,300,NA,"Squirrel not visible in ""hang"" for part of trial",8741,2018-04-29,4,121,13.7,2018-05-26,43.8,20388,119,190
23525,M,2018,ARM,2018,KL,1,2018-06-28,F9496,F9497,W*/B,182.499,46,1,196.393,59.3,0,67.69,450,22.455,61.827,0,300,0.033,300,Y,NA,8723,2018-04-30,2,122,13.1,2018-05-28,63.6,20079,120,179
23540,F,2018,VAU,2018,JO,1,2018-08-04,F9109,F9110,G*/G*,185.819,30,21,210.595,34.97,15.683,30.962,450,175.374,91.957,13,45.88,0.467,300,NA,"Squirrel not visible in ""hang"" for part of trial",8761,2018-04-26,3,122,16.9,2018-05-22,46.9,20770,116,216
23541,M,2018,VAU,2018,JO,1,2018-07-12,F9249,F9161,P/W*,162.408,41,7,225.892,44.814,17.017,21.721,450,284.782,12.847,2,43.643,2.035,300,NA,"Squirrel not visible in ""hang"" for part of trial",8748,2018-04-28,3,119,9.8,2018-05-18,55.9,20440,118,193
23543,M,2018,VAU,2018,JO,1,2018-07-09,F9162,F9163,Y*/Y*,50.513,9,4,380.163,1.836,2.136,143.328,450,0.901,298.298,0,300,300,300,NA,"Squirrel not visible in ""hang"" for part of trial",8748,2018-04-28,3,119,10.5,2018-05-18,54.6,20440,118,190
23544,F,2018,VAU,2018,JO,1,2018-07-12,F9101,F9102,R*/B*,255.839,44,24,53.387,87.187,5.606,30.496,450,108.842,70.554,26,115.031,1.434,300,NA,"Squirrel not visible in ""hang"" for part of trial",8747,2018-04-25,3,118,14.9,2018-05-21,52.5,20439,115,193
23558,M,2018,ARM,2018,KL,1,2018-06-18,F9470,F9471,B*/O,41.316,29,8,378.662,1.234,11.411,316.598,450,206.337,59.893,8,7.975,0.067,300,Y,NA,8699,2018-04-30,3,125,27.6,2018-05-28,63.2,19583,120,169
23566,F,2018,ARM,2018,KL,1,2018-06-16,F9330,F9331,G*/B*,109.016,34,5,269.983,21.943,10.821,77.51,450,245.41,37.403,4,78.412,0.934,300,Y,NA,8777,2018-04-25,2,125,24.1,2018-05-22,NA,21022,115,167
23573,F,2018,ARM,2018,KL,1,2018-06-29,F9212,F9213,O*/R,98.616,19,7,295.912,45.762,6.273,192.03,450,207.305,63.363,0,300,0.034,300,Y,NA,8778,2018-04-30,2,126,15.2,2018-05-27,52.2,21023,120,180
23577,M,2018,ARM,2018,KL,1,2018-07-04,F9460,F9461,O/O*,72.483,10,5,1.668,113.261,43.009,255.702,450,0.499,298.097,0,300,300,300,Y,NA,8842,2018-05-03,3,126,13.1,2018-05-30,42.8,22296,123,185
23578,F,2018,ARM,2018,KL,1,2018-07-07,F9458,F9459,Y/G*,28.132,10,4,58.59,10.674,17.885,372.02,450,300,0,0,300,300,300,Y,never saw itself in mirror: NA for attack and approach latencies (changed to max value),8842,2018-05-03,3,126,12.4,2018-05-30,41.1,22296,123,188
23607,M,2018,ARM,2018,KL,1,2018-07-07,M5524,M5596,B/W*,26.465,13,2,402.552,1.268,3.304,271.014,450,299.998,0,0,300,300,300,Y,never saw itself in mirror: NA for attack and approach latencies (changed to max value),8738,2018-05-03,3,128,12.8,2018-05-30,40.1,20297,123,188
23618,M,2018,VAU,2018,JO,1,2018-07-03,F9438,M5977,B/Y*,153.641,33,8,104.392,108.142,18.386,63.83,450,0,135.669,0,300,300,300,NA,"Squirrel not visible in ""hang"" for part of trial",8719,2018-04-23,3,NA,NA,2018-05-10,49.6,20046,113,184
23621,F,2018,VAU,2018,JO,1,2018-07-08,F9443,M5979,R/Y*,157.599,32,13,236.504,35.2,5.606,25.727,450,1.368,297.93,0,300,300,300,NA,"Squirrel not visible in ""hang"" for part of trial",8719,2018-04-23,3,NA,NA,2018-05-10,28.1,20046,113,189
23631,F,2018,ARM,2018,KL,1,2018-06-26,F9301,F9302,O*/B,142.946,65,7,202.851,31.096,10.877,125.599,450,200.902,92.489,1,63.73,0.634,300,Y,NA,8776,2018-04-29,3,132,25.4,2018-05-27,57.3,21007,119,177
23665,F,2018,ARM,2018,KL,1,2018-07-14,F9623,F9624,G/O*,45.205,10,4,358.008,1.333,4.171,395.7,450,299.998,0,0,300,300,300,Y,never saw itself in mirror: NA for attack and approach latencies (changed to max value),8950,2018-05-07,3,136,16.2,2018-06-04,49.8,22278,127,195
23666,F,2018,ARM,2018,KL,1,2018-07-04,F9621,F9622,Y/R*,7.101,0,2,0,2.553,0,440.342,450,299.23,0,0,300,0.1,300,Y,NA,8950,2018-05-07,3,136,17.5,2018-06-04,50.4,22278,127,185
23676,F,2018,VAU,2018,JO,1,2018-07-25,F9657,F9658,O*/B,108.259,24,10,325.59,31.634,3.637,42.143,450,173.805,62.795,14,80.113,21.388,300,NA,"Squirrel not visible in ""hang"" for part of trial",8891,2018-05-13,3,137,14.2,2018-06-10,67.4,23072,133,206
23678,M,2018,VAU,2018,JO,1,2018-07-15,F9661,F9662,Y*/R*,132.102,58,8,185.217,35.57,4.405,36.368,450,7.773,288.418,1,4.872,1.902,300,NA,"Squirrel not visible in ""hang"" for part of trial",8891,2018-05-13,3,137,15.7,2018-06-10,67.4,23072,133,196
23688,F,2018,ARM,2018,KL,1,2018-07-17,F9423,F9424,W/G*,82.746,16,7,300.016,10.541,15.782,254.749,450,0.666,270.738,0,300,300,300,Y,never saw itself in mirror: NA for attack and approach latencies (changed to max value),8941,2018-05-18,2,142,14.2,2018-06-12,50.6,19719,138,198
24251,F,2019,DH,2019,BT,1,2019-08-28,M6337,M6336,W*/W*,150.814,38,12,166.678,178.667,8.545,24.024,450,193.250,2.000,28,106.751,103.748,300,NA,NA,9120,2019-06-21,4,177,11.4,2019-07-18,42.4,21944,172,240
24263,M,2019,DH,2019,BT,1,2019-09-05,M6324,M6325,W*/G*,130.056,38,3,243.993,76.935,13.757,94.791,450,272.262,20.203,36,63.100,62.847,300,NA,NA,9125,2019-06-23,3,178,11.8,2019-07-20,53.3,22101,174,248
24265,F,2019,DH,2019,BT,1,2019-09-02,-,M6341,-/Y*,177.648,36,8,233.142,168.330,10.508,17.991,450,139.598,136.891,38,3.007,0.504,300,NA,NA,9125,2019-06-23,3,178,12,2019-07-20,47,22101,174,245
24377,M,2019,PLK,2019,JO,1,2019-08-31,M6314,M6315,W*/W,218.014,85,14,168.554,98.976,19.751,6.648,450,92.425,137.28,1,9.009,0.503,300,NA,NA,9081,2019-06-20,5,174,10.4,2019-07-22,48.9,20046,171,243
24384,F,2019,DH,2019,JO,1,2019-08-26,M6320,M6321,O*/O*,0,0,0,450,3.743,0,444.472,450,174.621,96.048,10,72.023,21.524,300,NA,NA,9081,2019-06-20,5,174,10.1,2019-07-22,47.7,20046,171,238
24417,F,2019,PLK,2019,RR,1,2019-09-22,F9848,-,W*/-,343.092,37,16,72.81,182.499,13.75,4.75,450,0,295.996,0,300,300,300,NA,"did not approach/attack; latencies set to max, verifying stuff with pippin",9330,2019-07-18,5,203,8.1,2019-08-17,47.4,23856,199,265
24495,F,2019,PLK,2019,SUX,1,2019-09-29,F9981,F9982,R*/R*,248.588,71,14,146.96,120.567,10.507,19.438,450,220.517,41.412,47,28.176,11.513,300,NA,NA,9348,2019-07-27,4,211,11.8,2019-08-25,67.1,23903,208,272
24850,M,2020,DH,2020,KL,1,2020-05-30,M6372,M6367,Y!/B!,42.127,0,1,0,0,9.016,395.811,450,11.999,286.749,0,300,300,300,NA,NA,9691,2020-03-17,3,79,10.3,2020-04-16,68.6,23565,77,151
24889,M,2020,DH,2020,JO,1,2020-06-16,M6972,M7499,R!/R!,215.345,24,25,95.538,101.19,8.767,36.471,450,300,0,0,300,1.751,300,NA,NA,9699,2020-04-03,4,97,16.7,2020-04-27,58.7,23027,94,168
24890,F,2020,DH,2020,KL,1,2020-06-24,-,M6964,-/Bk,201.665,33,14,80.764,43.501,33.525,109.873,450,151.035,123.735,15,28.028,0.5,300,NA,NA,9699,2020-04-03,4,97,15.9,2020-04-27,57.6,23027,94,176
24890,F,2020,DH,2020,KL,1,2020-06-09,M6968,M6967,W/R,150.291,21,6,83.677,119.177,32.513,99.245,450,197.336,17.272,7,1.752,1.251,300,NA,NA,9699,2020-04-03,4,97,15.9,2020-04-27,57.6,23027,94,161
24896,F,2020,DH,2020,JO,1,2020-06-18,M6780,M6781,B/W,110.915,4,7,20.563,9.998,34.524,208.511,413.877,0,299.249,0,300,300,300,NA,NA,9751,2020-04-07,3,103,12.7,2020-05-13,65.5,24525,98,170
24897,F,2020,DH,2020,JO,1,2020-06-12,M6776,M6777,Y/O,29.778,7,5,174.395,67.512,93.799,116.789,449.916,300,0,0,300,300,300,NA,NA,9751,2020-04-07,3,103,13,2020-05-13,65.1,24525,98,164
24959,F,2020,DH,2020,JO,1,2020-06-22,M6728,M6729,B/B,152.415,84,8,167.046,72.031,13.753,14.251,450,212.063,64.166,16,59.562,3.252,300,NA,NA,9750,2020-04-14,4,110,16.4,2020-05-11,54.2,22290,105,174
24965,F,2020,DH,2020,JO,1,2020-06-30,M6744,M6745,O/Y,62.292,14,8,331.515,53.521,10,181.129,445.19,93.816,25.893,1,248.234,204.707,300,NA,NA,9748,2020-04-16,5,110,9.9,2020-05-14,54.6,21029,107,182
24966,F,2020,DH,2020,JO,1,2020-06-29,M6746,M6747,B/O,107.594,105,5,214.554,12,11.25,0,450,206.39,51.014,32,47.78,28.28,300,NA,NA,9748,2020-04-16,5,110,11.3,2020-05-14,61,21029,107,181
24969,F,2020,DH,2020,KL,1,2020-06-29,M6961,M6962,O/W,212.376,82,1,196.436,45.537,9.254,12.501,450,202.938,71.555,39,0.502,0.002,300,NA,NA,9770,2020-04-02,4,110,24.9,2020-04-27,35.9,23532,93,181
24972,M,2020,DH,2020,KL,1,2020-06-16,M7011,M7012,G!/R!,227.39,44,11,104.826,81.391,29.757,47.501,450,0.752,289.498,0,300,300,300,NA,Squirrel never saw itself in the mirror  approach/attack latency set to max value (300),9727,2020-04-08,3,110,27.7,2020-05-05,66.8,20857,99,168
24975,F,2020,DH,2020,KL,1,2020-06-22,M6466,M6467,O/P,159.574,16,7,13.494,239.679,11.005,13.494,450,194.68,83.802,5,25.501,0.502,300,NA,NA,9771,2020-04-15,3,111,15.6,2020-05-13,48.5,24409,106,174
25039,M,2020,DH,2020,BT,1,2020-07-05,M6791,M6792,B!/W!,192.734,54,4,265.964,76.5,12.002,59,450,0,298.745,0,300,300,300,NA,NA,9777,2020-05-02,3,125,13.9,2020-05-28,54.1,24265,123,187
25045,F,2020,DH,2020,BT,1,2020-07-02,M6783,M6784,P/G,101.742,27,2,304.222,104.002,0,42.498,425.142,196.096,97.872,18,48.793,42.041,300,NA,NA,9746,2020-04-24,3,125,25,2020-05-21,53.8,24704,115,184
25088,M,2020,DH,2020,JO,1,2020-07-16,M6412,M6450,O!/Bk!,234.442,28,19,87.619,72.035,16.006,2.001,450,141.607,128.132,3,4.749,3.272,300,NA,NA,9802,2020-05-07,3,133,16.5,2020-06-01,49.8,24417,128,198
25089,M,2020,DH,2020,JO,1,2020-07-13,M4314,M4388,R!/Y!,0,0,0,450,65.64,0,240.018,450,300,0,0,300,300,300,NA,Squirrel never saw itself in the mirror  approach/attack latency set to max value (300),9802,2020-05-07,3,133,17.7,2020-06-01,48.8,24417,128,195
25232,F,2021,DH,2021,JO,1,2021-06-24,M7509,M7510,G*/G*,49.566,18,4,224.179,70.589,25.037,140.186,450,0,0,0,300,300,300,NA,Squirrel never saw itself in the mirror  approach/attack latency set to max value (300),9824,2021-04-20,3,115,22.1,2021-05-18,63.9,25198,110,175
25233,F,2021,DH,2021,JO,1,2021-06-26,M7511,M7512,Y*/Y*,109.026,27,8,287.352,114.522,11.753,13.507,450,266.463,2.501,4,28.544,1.035,300,NA,NA,9824,2021-04-20,3,115,18.6,2021-05-18,60.1,25198,110,177
25234,F,2021,DH,2021,JO,1,2021-06-30,M7507,M7384,B/B*,100.916,31,9,238.833,44.261,15.531,81.504,450,0,299.993,0,300,300,300,NA,NA,9824,2021-04-20,3,115,18.9,2021-05-18,60,25198,110,181
25239,F,2021,DH,2021,KL,1,2021-07-15,M2633,M7593,R/Y*,172.616,36,4,233.767,142.926,9.254,6.496,450,0,300,0,300,23.769,300,NA,NA,9851,2021-04-28,4,118,8.2,2021-05-22,42,25187,118,196
25240,F,2021,DH,2021,KL,1,2021-07-06,M7596,M7597,B*/R*,130.689,39,6,274.703,127.785,10.005,8.498,450,244.705,46.042,55,2.752,0.249,300,NA,NA,9851,2021-04-28,4,118,8.1,2021-05-22,40.3,25187,118,187
25242,F,2021,DH,2021,KL,1,2021-07-04,F9580,M7944,G/R*,173.544,25,2,239.374,58.024,17.511,77.519,450,0,299.909,0,300,300,300,NA,Squirrel never saw itself in the mirror  approach/attack latency set to max value (300),9866,2021-04-29,3,119,9.1,2021-05-22,49.4,24661,119,185
25244,M,2021,DH,2021,KL,1,2021-07-04,M7945,M7946,B*/Y*,1.5,1,0,447.997,8.008,2.001,420.093,450,255.953,28.776,20,12.764,10.51,300,NA,NA,9866,2021-04-29,3,119,9.1,2021-05-22,51.3,24661,119,185
25245,F,2021,DH,2021,KL,1,2021-07-07,M7517,M7518,W*/B*,152.37,75,0,255.25,73.774,6.248,16.01,450,65.339,220.541,17,89.589,78.077,300,NA,NA,9847,2021-05-02,3,122,10.7,2021-05-26,39.2,24002,122,188
25247,F,2021,DH,2021,KL,1,2021-07-08,M7515,F9579,Y*/B,152.758,74,2,267.361,91.274,5.506,27.507,450,196.945,65.023,72,1.5,1,300,NA,NA,9847,2021-05-02,3,122,10,2021-05-26,35.6,24002,122,189
25256,M,2021,DH,2021,KL,1,2021-07-10,M7455,M7456,R*/G*,146.841,42,1,241.489,120.588,0,67.011,450,281.729,0,1,179.435,14.268,300,NA,NA,9834,2021-05-03,3,124,11.3,2021-05-27,55.5,24256,123,191
25257,M,2021,DH,2021,KL,1,2021-07-07,M7451,M7452,Y*/W,0,0,0,450,24.782,0,412.692,450,2.77,296.729,0,300,300,300,NA,Squirrel never saw itself in the mirror  approach/attack latency set to max value (300),9834,2021-05-03,3,124,12.2,2021-05-27,57.6,24256,123,188
25270,F,2021,DH,2021,KL,1,2021-07-13,M8173,M7938,O/G*,2.001,1,0,447.194,10.971,0,370.646,449.676,206.888,74.552,8,61.815,61.064,300,NA,NA,9860,2021-05-05,3,127,12.4,2021-05-26,41.3,24506,125,194
25275,F,2021,DH,2021,KL,1,2021-07-10,M7385,M7466,B/R*,7.985,0,0,0,0,0,441.744,450,0,300,0,300,300,300,NA,NA,9858,2021-05-05,3,128,14.1,2021-05-29,49.7,23027,125,191
25276,F,2021,DH,2021,KL,1,2021-07-10,F9578,M7422,R/R*,120.653,23,8,297.489,42.996,29.112,60.001,450,300,0,0,300,300,300,NA,Squirrel never saw itself in the mirror  approach/attack latency set to max value (300),9858,2021-05-05,3,128,16.6,2021-05-29,48.5,23027,125,191
25282,F,2021,DH,2021,JO,1,2021-07-05,M7470,M7471,Y*/G*,151.924,36,10,216.371,56.25,20.056,42.34,450,299.996,0,0,300,300,300,NA,Squirrel never saw itself in the mirror  approach/attack latency set to max value (300),9870,2021-05-01,3,131,28.9,2021-05-26,51.7,24692,121,186
25284,M,2021,DH,2021,JO,1,2021-07-08,M7424,M7425,O*/O*,41.264,10,3,392.256,81.757,0,97.589,450,1.5,298.248,0,300,300,300,NA,NA,9870,2021-05-01,3,131,31.4,2021-05-26,57.5,24692,121,189
25290,F,2021,DH,2021,KL,1,2021-07-18,M7935,M7936,W*/O*,248.751,54,4,146.353,72.285,11.75,19.751,450,111.66,172.53,3,155.904,0.751,292.19,NA,NA,9844,2021-05-10,2,132,12.7,2021-06-03,47.5,24003,130,199
25291,M,2021,DH,2021,KL,1,2021-08-04,M7976,M7977,Y*/Bk,130.56,41,3,241.554,13.553,22.499,106.034,450,279.667,13.758,11,22.254,2.752,299.682,NA,NA,9844,2021-05-10,2,132,13.8,2021-06-03,47.9,24003,130,216
25334,F,2021,DH,2021,KL,1,2021-07-28,M7978,M7979,B*/B,84.132,9,6,59.849,4.003,41.046,252.271,450,2.517,1.503,0,300,0.751,300,NA,NA,9853,2021-05-17,2,140,16,2021-06-13,61.8,24577,137,209
25335,M,2021,DH,2021,KL,1,2021-07-28,-,M7975,-/R,35.172,6,3,414.072,27.236,0,331.75,450,202.184,77.754,10,7.512,4.756,300,NA,NA,9853,2021-05-17,2,140,17.2,2021-06-13,52,24577,137,209
25342,F,2021,DH,2021,SU,1,2021-07-31,M7799,M7800,G*/B*,56.255,15,2,272.555,37.018,16.256,276.412,450,298.995,0,0,300,300,300,NA,Squirrel never saw itself in the mirror  approach/attack latency set to max value (300),9897,2021-05-25,3,146,10.9,2021-06-21,50.6,25029,145,212
25391,M,2021,DH,2021,BT,1,2021-08-23,M7543,M7544,O*/Y*,1.749,2,0,446.746,84.768,0,166.093,450,98.083,186.093,3,80.082,0.753,300,NA,NA,9825,2021-06-16,2,168,11.8,NA,55.6,22028,167,235
11180,F,2005,AKB,2005,AG,1,2005-05-31,64459,49569,NA,95.076,19,27,39.438,3.555,5.175,45.495,NA,181.14,39.87,12,106.5,6.93,NA,NA,NA,NA,NA,NA,NA,NA,NA,NA,NA,NA,151
11180,F,2005,AKB,2005,AG,2,2005-07-17,64459,49569,NA,90.63,7,24.98,13.473,62.82,17.055,32.94,NA,28.14,31.95,0,300,5.07,NA,NA,NA,NA,NA,NA,NA,NA,NA,NA,NA,NA,198
12215,M,2012,ADK,2012,KL,2,2012-07-10,67798,67797,W/Y*,142.73,15,6,93.2,56.85,21.63,5.9,NA,NA,NA,NA,NA,NA,NA,NA,NA,NA,NA,NA,NA,NA,NA,NA,NA,NA,192
12215,M,2012,ADK,2012,KL,3,2012-07-15,67798,67797,W/Y*,135.57,36,0,150.3,102.02,20.22,8.4,NA,NA,NA,NA,NA,NA,NA,NA,NA,NA,NA,NA,NA,NA,NA,NA,NA,NA,197
13235,M,2012,ADK,2012,SU,2,2012-07-21,H1493,H1494,P!/G!,159.41,62,2,202.75,16.41,32.73,0,NA,0,0,0,300,300,NA,NA,this video is missing,NA,NA,NA,NA,NA,NA,NA,NA,NA,203
23256,F,2017,ARM,2017,SU,1,2017-07-25,M0964,M2348,R*/B,116.386,25,5,156.687,13.651,37.463,192.644,NA,0,299.873,0,188.823,188.823,NA,N,NA,NA,NA,NA,NA,NA,NA,NA,NA,NA,206
23580,M,2018,ARM,2018,KL,1,2018-06-16,F9322,F9323,R*/W*,160.922,37,2,187.856,26.699,25.327,152.101,450,193.924,89.423,12,1.568,0.034,300,Y,NA,8752,NA,3,126,28.6,2018-05-22,59.1,20628,115,167
23586,M,2018,ARM,2018,KL,1,2018-05-30,M5598,M5599,O*/B*,142.733,47,0,241.523,38.255,7.074,70.086,450,0,300,0,300,300,300,Y,never saw itself in mirror: NA for attack and approach latencies (changed to max value),8951,NA,3,127,35.8,2018-05-12,45.8,22495,113,150
23655,F,2018,VAU,2018,BT,1,2018-07-14,F9633,F9776,O*/W*,32.189,2,9,298.214,0,13.946,118.385,450,187.286,109.176,3,74.808,32.099,300,NA,"Squirrel not visible in ""hang"" for part of trial",8811,NA,4,135,19.5,2018-06-11,43.3,21967,129,195
23679,F,2018,VAU,2018,JO,1,2018-08-06,F9626,F9627,R*/Y,173.619,32,6,76.742,162.83,5.505,24.659,450,263.998,27.961,52,0.968,0.301,300,NA,"Squirrel not visible in ""hang"" for part of trial",8687,NA,1,139,13.2,2018-06-11,43.5,13427,136,218
23683,F,2018,VAU,2018,JO,1,2018-07-25,F9144,F9145,Y*/O,159.231,15,11,48.582,32.901,22.722,200.457,450,72.606,220.586,0,300,43.143,300,NA,"Squirrel not visible in ""hang"" for part of trial",8759,NA,2,140,29.5,2018-06-05,57.8,20751,129,206
23686,NA,2018,VAU,2018,JO,2,2018-08-04,F9180,F9181,B*/R*,133.519,16,16,99.765,174.036,10.845,42.771,450,140.559,154.269,8,50.483,42.976,300,NA,"Squirrel not visible in ""hang"" for part of trial",8802,NA,3,NA,64.3,2018-05-21,64.3,21895,NA,216
23689,M,2018,ARM,2018,KL,1,2018-07-11,F9421,F9422,R/O*,99.357,27,0,267.485,60.73,12.179,133.455,450,289.222,4.004,3,49.65,0.1,300,Y,NA,8945,NA,3,142,26.6,2018-06-12,76.7,21075,132,192
23788,F,2018,VAU,2018,BT,1,2018-07-11,F9441,F9440,W*/W*,91.57,5,2,0,0,13.313,354.721,450,298.932,1,0,300,300,300,NA,"Squirrel not visible in ""hang"" for part of trial",NA,NA,NA,NA,NA,NA,NA,NA,NA,192
23797,M,2018,VAU,2018,JO,1,2018-08-06,M5981,-,O*/-,127.341,20,10,124.19,155.904,19.019,82.015,450,185.852,83.518,29,70.203,0.266,300,NA,"Squirrel not visible in ""hang"" for part of trial",NA,NA,NA,NA,NA,NA,NA,NA,NA,218
23856,F,2019,PLK,2019,RR,1,2019-08-14,M4289,M4290,P/R,109.292,16,11,71.016,140.684,17.553,123.649,450,154.643,95.85,19,44.043,1.749,300,NA,NA,NA,NA,NA,NA,NA,NA,NA,NA,NA,226
23889,F,2019,PLK,2019,JO,1,2019-08-21,F9567,F9568,Y/Y,77.043,24,2,318.655,45.263,4.749,209.263,450,0,298.249,0,300,300,300,NA,"guessed tags from db info, info not in video, no approach/attack, latency set to max",NA,NA,NA,NA,NA,NA,NA,NA,NA,233
23894,F,2019,PLK,2019,SUX,1,2019-08-06,-,M6037,-/R,105.08,4,8,130.857,25.004,19.499,270.127,450,54.304,41.042,15,1.753,1.25,289.785,NA,MIS was only 289.785,NA,NA,NA,NA,NA,NA,NA,NA,NA,218
23903,F,2019,PLK,2019,SUX,1,2019-08-06,F9856,F9857,O/Y,234.726,29,24,102.529,100.114,15.759,51.566,450,281.542,1,2,0.5,0.5,298.894,NA,MIS just under 300,NA,NA,NA,NA,NA,NA,NA,NA,NA,218
23906,M,2019,PLK,2019,KL,1,2019-09-15,M5828,M5829,R!/R!,383.584,12,1,8.999,313.029,3.753,5.499,450,292.741,3.257,2,2.251,1.5,300,NA,NA,NA,NA,NA,NA,NA,NA,NA,NA,NA,258
23931,F,2019,PLK,2019,RR,1,2019-08-20,M5805,M5806,Y/B,89.097,19,8,316.222,182.612,16.006,66.112,450,0,298.499,0,300,300,300,NA,"squirrel did not see self in mirror, latencies set to max",NA,NA,NA,NA,NA,NA,NA,NA,NA,232
24287,F,2019,PLK,2019,JO,1,2019-09-22,F9809,F9810,W*/G*,123.985,64,7,269.761,199.438,4.25,16.443,450,78.061,170.21,13,0.501,0.251,300,NA,NA,9315,NA,4,181,25.9,2019-07-11,35.2,19729,170,265
24333,F,2019,PLK,2019,JO,1,2019-09-17,F9830,F9832,R*/G*,0.25,2,0,448.999,19.251,0,195.718,450,300.000,0,0,300.000,300.000,300,NA,"squirrel did not see itself at all, both latencies set to max (300)",9258,NA,4,NA,NA,2019-07-11,29.7,23922,NA,260
24360,F,2019,PLK,2019,JO,1,2019-08-18,F9845,F9846,B/R,113.691,14,8,229.939,160.880,28.777,56.031,450,292.750,7.000,0,300,1.250,300,NA,"no attack, latency set to max (300)",9106,NA,5,NA,NA,2019-07-16,41.6,21029,NA,230
24594,F,2019,PLK,2019,RR,1,2019-09-05,M5028,M5033,P/P,94.584,33,11,132.866,266.124,4,8.948,450,273.46,10.027,1,58.059,1.502,300,NA,NA,NA,NA,NA,NA,NA,NA,NA,NA,NA,248
24676,F,2019,PLK,2019,JO,1,2019-09-23,F9972,F9973,Y!/P!,257.501,44,34,134.381,117.992,20.999,12.245,450,183.129,63.342,14,28.529,1.000,300,NA,NA,9394,NA,6,241,14.7,2019-09-19,43.6,21046,235,266
24680,M,2019,PLK,2019,JO,1,2019-09-22,S0955,S0956,W!/O!,187.356,49,13,237.823,136.372,7.702,35.005,450,225.179,65.552,21,1.118,0.618,300,NA,NA,NA,NA,NA,NA,NA,NA,NA,NA,NA,265
24729,M,2019,DH,2019,JO,1,2019-09-13,M6624,M6625,Bk/P,134.063,64,8,273.472,114.308,2.250,16.001,450,221.623,34.007,17,1.252,0.249,300,NA,tag colors different on db than on videos,NA,NA,NA,NA,NA,NA,NA,NA,NA,256
24730,M,2019,DH,2019,JO,1,2019-09-24,M6622,M6623,B!/G!,16.080,9,4,281.245,34.017,3.000,377.328,450,167.385,104.785,39,1.001,0.751,300,NA,NA,NA,NA,NA,NA,NA,NA,NA,NA,NA,267
24745,M,2019,DH,2019,JO,1,2019-09-13,F9839,F9840,O*/B*,30.553,9,2,99.857,55.767,22.519,305.037,450,300,0,0,300,2.749,300,NA,"no attack, latency set to max",NA,NA,NA,NA,NA,NA,NA,NA,NA,256
24753,M,2019,DH,2019,JO,1,2019-08-12,F9738,F9739,B!/O!,86.306,58,5,333.809,159.807,15.002,35.251,450,29.503,262.234,11,184.936,171.424,300,NA,NA,NA,NA,NA,NA,NA,NA,NA,NA,NA,224
24809,M,2019,DH,2019,BT,1,2019-10-05,F9744,F9746,P!/W!,125.516,58,3,241.31,173.302,9.253,22.002,450,4.751,293.75,0,300,20.026,300,NA,"it says hormone challenge on the db?; no attack, attack latency set to max (300)",NA,NA,NA,NA,NA,NA,NA,NA,NA,278
24830,F,2019,DH,2019,BT,1,2019-09-04,M6238,M6239,O*/O*,87.270,36,4,333.382,253.289,9.006,32.519,450,5.757,289.638,3,1.503,0.500,297.942,NA,"MIS short, 297.942",NA,NA,NA,NA,NA,NA,NA,NA,NA,247
24859,F,2020,DH,2020,SU,1,2020-05-28,M6451,M6474,R/W,194.392,24,12,72.516,153.659,9.257,29.74,450,135.349,144.832,40,28.776,0.75,300,NA,NA,9693,NA,4,84,21.6,2020-04-18,79.4,23877,77,149
24860,M,2020,DH,2020,SU,1,2020-05-30,M6455,M6456,R!/Bk!,164.895,16,8,123.303,47.024,88.67,114,450,109.963,180.252,62,212.963,171.249,300,NA,NA,9693,NA,4,84,24,2020-04-18,81.9,23877,76,151
24869,F,2020,DH,2020,SU,1,2020-05-30,M6995,M6935,O/B,161.586,67,7,258.722,55.287,11.256,83,450,0.498,298.999,0,300,300,300,NA,NA,9694,NA,3,89,20.1,2020-04-22,68.2,23672,83,151
24883,M,2020,DH,2020,SU,1,2020-06-14,M6997,M6993,R!/Y!,70.042,3,2,179.139,134.038,51.287,100.279,419.641,271.971,24.025,56,1.501,1.25,300,NA,NA,9762,NA,3,96,19.1,2020-04-27,64.8,24804,90,166
24885,F,2020,DH,2020,SU,1,2020-06-12,M6987,M6949,B/Y,144.815,66,4,246.164,97.053,12.504,36.757,435.435,3.251,294.995,0,300,300,300,NA,NA,9762,NA,3,96,18.5,2020-04-27,65.8,24804,91,164
24902,M,2020,DH,2020,KL,1,2020-06-17,M7009,M7010,P!/G!,132.851,44,3,185.446,152.802,5,5,450,87.99,175.654,0,300,300,300,NA,NA,9704,NA,3,104,12.6,2020-05-04,55.9,24709,100,169
24904,M,2020,DH,2020,KL,1,2020-06-24,M7005,M7006,O!/B!,169.161,16,9,46.818,165.346,4.001,63.287,450,261.98,30.02,8,1.254,0.504,300,NA,NA,9704,NA,3,104,10.9,2020-05-04,49.3,24709,101,176
24926,M,2020,DH,2020,JO,1,2020-06-08,M6720,M6723,B!/R!,39.019,32,5,339.542,93.333,5.5,28.771,450,248.757,41.991,5,65.075,64.825,300,NA,NA,9765,NA,3,106,36.8,2020-04-27,62.1,24360,90,160
24927,F,2020,DH,2020,JO,1,2020-06-12,M6721,M6722,R/G,129.662,48,8,205.878,72.761,11.501,5.505,450,253.55,29.625,40,22.256,6.506,300,NA,NA,9765,NA,3,106,36.1,2020-04-27,60.5,24360,91,164
24936,F,2020,DH,2020,SU,1,2020-06-24,J3228,J3227,Y/Y,212.488,50,7,100.808,61.054,5.002,43.772,402.374,268.747,1.75,3,146.002,5.501,300,NA,NA,9767,NA,2,107,18.9,2020-05-04,46,24673,101,176
24940,F,2020,DH,2020,KL,1,2020-06-15,M7060,M7495,B/B,98.084,8,9,53.045,15.756,71.81,227.011,450,0,300,0,300,300,300,NA,NA,9724,NA,4,107,36.5,2020-04-29,62,23054,92,167
24942,M,2020,DH,2020,KL,1,2020-07-06,M7493,M7492,O!/W!,185.876,20,10,58.275,166.934,14.249,12.247,450,66.284,210.456,1,103.546,14.015,300,NA,NA,9724,NA,4,107,32.6,2020-04-29,57.8,23054,93,188
24984,M,2020,DH,2020,JO,1,2020-06-24,M6751,M6752,P!/Y!,82.287,57,7,206.418,21.498,11.285,21.272,450,293.751,5.748,3,71.021,0.5,300,NA,NA,9758,NA,4,111,27.7,2020-05-05,62.4,24356,100,176
24985,F,2020,DH,2020,JO,1,2020-07-01,M6753,M6754,O/R,195.128,34,8,143.046,40.002,16.751,4.501,449.168,147.55,130.955,2,234.359,35.752,300,NA,NA,9758,NA,4,111,26.9,2020-05-05,62.5,24356,100,183
25006,M,2020,DH,2020,JO,1,2020-07-07,M6772,-,G/-,165.709,46,7,170.786,83.039,20.503,2.751,450,140.123,152.073,5,186.656,94.095,300,NA,NA,9774,NA,3,118,10.7,2020-05-20,48.7,23787,115,189
25008,F,2020,DH,2020,JO,1,2020-07-06,M6774,M6775,O/W,113.858,16,3,212.367,94.777,54.874,45.268,450,0,0,0,300,300,300,NA,NA,9774,NA,3,118,10.7,2020-05-20,36.8,23787,115,188
25020,M,2020,DH,2020,JO,1,2020-06-08,M6707,M6708,W!/R!,108.091,50,10,216.8,27.586,14.5,17.999,450,205.225,70.509,41,3.752,0.251,300,NA,NA,9775,NA,5,NA,NA,2020-04-29,35.2,25016,NA,160
25022,F,2020,DH,2020,JO,1,2020-06-14,M6713,M6714,Y/B,42.613,26,7,316.303,61.757,23.513,143.989,450,299.749,0,0,300,300,300,NA,Squirrel never saw itself in the mirror  approach/attack latency set to max value (300),9775,NA,5,NA,NA,2020-04-29,33.6,25016,NA,166
25051,F,2020,DH,2020,JO,1,2020-07-02,M7896,M6750,B/Bk,0,0,0,450,4.501,0,423.129,450,2,0,0,300,300,300,NA,Squirrel never saw itself in the mirror  approach/attack latency set to max value (300),9780,NA,4,126,22.7,2020-05-24,56.2,20601,117,184
25067,F,2020,DH,2020,JO,1,2020-06-14,M6759,M6760,G/Y,137.345,13,7,243.053,115.65,13.256,0,450,233.194,60.046,2,23.249,18.5,300,NA,NA,9783,NA,4,NA,NA,2020-05-11,76.2,25054,NA,166
25070,M,2020,DH,2020,JO,1,2020-06-22,M6765,M6766,R!/P!,82.044,32,5,325.848,27.271,9.751,153.009,450,299.748,0,0,300,300,300,NA,NA,9783,NA,4,NA,NA,2020-05-11,74.8,25054,NA,174
25113,M,2020,DH,2020,BT,1,2020-06-30,M6795,M6796,R!/Bk!,113.682,45,7,163.285,157.989,5.751,16.5,450,0.511,271.613,0,300,300,300,NA,NA,9815,NA,4,NA,NA,2020-05-24,64.2,25102,NA,182
25285,M,2021,DH,2021,BT,1,2021-08-01,M7980,M7981,R*/R*,2.999,1,0,0,0,15.001,426.994,450,218.23,61.476,19,4.251,1.506,300,NA,NA,9871,NA,3,131,9.5,2021-06-05,45.3,25102,130,213
25286,F,2021,DH,2021,BT,1,2021-07-21,M7984,M7985,W*/W*,46.312,18,7,326.221,64.794,16.509,175.517,450,240.938,11.019,0,252.213,82.602,252.213,NA,NA,9871,NA,3,131,9.4,2021-06-05,41.6,25102,130,202
25287,M,2021,DH,2021,BT,1,2021-08-01,M7982,M7983,Y*/Y*,53.595,15,3,310.747,9.501,10.5,123.503,450,118.394,49.762,9,1.749,0.75,300,NA,NA,9871,NA,3,131,10.2,2021-06-05,50.4,25102,130,213
25287,M,2021,DH,2021,BT,2,2021-08-29,M7982,M7983,Y*/Y*,71.287,18,0,52.168,20.497,25.001,181.794,450,149.229,97.498,14,134.153,11.251,300,NA,Trial #2 for this squirrel,9871,NA,3,131,10.2,2021-06-05,50.4,25102,130,241
25314,F,2021,DH,2021,JO,1,2021-06-27,M7622,M7623,W*/W*,113.618,16,6,129.845,76.267,18.515,133.24,435.906,299.747,0.25,0,300,12.502,300,NA,NA,9878,NA,2,NA,NA,2021-05-17,71,25204,NA,178
25323,M,2021,DH,2021,JO,1,2021-07-20,M7562,M7563,G*/B*,22.528,13,5,175.436,50.257,8.251,285.044,450,50.054,236.015,4,176.409,158.656,297.824,NA,NA,9881,NA,3,137,34.3,2021-05-27,48.1,25216,124,201
25324,F,2021,DH,2021,JO,1,2021-07-19,M7519,M7520,R*/B*,160.824,35,9,226.83,119.135,19.754,31.494,450,124.201,125.506,27,50.305,23.759,300,NA,NA,9881,NA,3,137,34.2,2021-05-27,48.7,25216,124,200
